"","ligand","receptor"
"1","A2m","Lrp1"
"2","Aanat","Mtnr1a"
"3","Aanat","Mtnr1b"
"4","Ace","Agtr2"
"5","Ace","Bdkrb2"
"6","Adam10","Axl"
"7","Adam10","Epha3"
"8","Adam12","Itga9"
"9","Adam12","Itgb1"
"10","Adam12","Sdc4"
"11","Adam15","Itga5"
"12","Adam15","Itga9"
"13","Adam15","Itgav"
"14","Adam15","Itgb1"
"15","Adam15","Itgb3"
"16","Adam17","Erbb4"
"17","Adam17","Itga5"
"18","Adam17","Itgb1"
"19","Adam17","Notch1"
"20","Adam23","Itga5"
"21","Adam23","Itgb3"
"22","Adam28","Itga4"
"23","Adam2","Cd9"
"24","Adam2","Itga6"
"25","Adam2","Itga9"
"26","Adam2","Itgb1"
"27","Adam2","Itgb7"
"28","Adam9","Itga3"
"29","Adam9","Itga6"
"30","Adam9","Itgav"
"31","Adam9","Itgb1"
"32","Adam9","Itgb5"
"33","Adcyap1","Adcyap1r1"
"34","Adcyap1","Sctr"
"35","Adcyap1","Vipr1"
"36","Adcyap1","Vipr2"
"37","Adipoq","Adipor1"
"38","Adipoq","Adipor2"
"39","Adm2","Calcr"
"40","Adm2","Calcrl"
"41","Adm2","Ramp1"
"42","Adm","Calcr"
"43","Adm","Calcrl"
"44","Adm","Gpr182"
"45","Adm","Mrgprx2"
"46","Adm","Ramp2"
"47","Agrn","Atp1a3"
"48","Agrn","Lrp4"
"49","Agrn","Musk"
"50","Agrp","Mc3r"
"51","Agrp","Mc4r"
"52","Agrp","Mc5r"
"53","Agrp","Sdc3"
"54","Agt","Agtr1"
"55","Agt","Agtr2"
"56","Agt","Lrp2"
"57","Agt","Mas1"
"58","Ahsg","Insr"
"59","Alb","Lrp2"
"60","Alox5ap","Alox5"
"61","Amelx","Lamp1"
"62","Amely","Lamp1"
"63","Amh","Acvr1"
"64","Amh","Amhr2"
"65","Amh","Egfr"
"66","Angpt1","Itga5"
"67","Angpt1","Itgb1"
"68","Angpt1","Tek"
"69","Angpt1","Tie1"
"70","Angpt2","Tek"
"71","Angpt2","Tie1"
"72","Angpt4","Tek"
"73","Angpt4","Tie1"
"74","Angptl1","Tek"
"75","Angptl2","Tie1"
"76","Angptl3","Itga5"
"77","Angptl3","Itgav"
"78","Angptl3","Itgb3"
"79","Angptl4","Tie1"
"80","Anxa1","Dysf"
"81","Anxa1","Egfr"
"82","Anxa1","Fpr1"
"83","Anxa1","Fpr2"
"84","Anxa1","Fpr3"
"85","Apln","Aplnr"
"86","Apob","Calcr"
"87","Apob","Itgam"
"88","Apob","Itgb2"
"89","Apob","Ldlr"
"90","Apob","Lrp2"
"91","Apob","Lrp6"
"92","Apob","Lrp8"
"93","Apob","Lsr"
"94","Apob","Olr1"
"95","Apoc3","Sdc2"
"96","Apoc3","Tlr2"
"97","Apod","Lepr"
"98","Apoe","Chrna4"
"99","Apoe","Ldlr"
"100","Apoe","Lrp1"
"101","Apoe","Lrp2"
"102","Apoe","Lrp5"
"103","Apoe","Lrp8"
"104","Apoe","Scarb1"
"105","Apoe","Sorl1"
"106","Apoe","Vldlr"
"107","App","Cav1"
"108","App","Cd74"
"109","App","Fpr2"
"110","App","Gpc1"
"111","App","Lrp1"
"112","App","Ncstn"
"113","App","Ngfr"
"114","App","Slc45a3"
"115","App","Tnfrsf21"
"116","Aregb","Egfr"
"117","Aregb","Erbb3"
"118","Areg","Egfr"
"119","Areg","Erbb3"
"120","Arf1","Chrm3"
"121","Arf1","Insr"
"122","Arf1","Pld2"
"123","Artn","Gfra1"
"124","Artn","Gfra3"
"125","Artn","Ret"
"126","A","Atrn"
"127","A","F11r"
"128","A","Mc1r"
"129","A","Mc2r"
"130","A","Mc3r"
"131","A","Mc4r"
"132","A","Mc5r"
"133","A","Mgrn1"
"134","Avp","Avpr1a"
"135","Avp","Avpr1b"
"136","Avp","Avpr2"
"137","Avp","Oxtr"
"138","Azgp1","Itgav"
"139","B2m","Cd1a"
"140","B2m","Cd1b"
"141","B2m","Cd247"
"142","B2m","Cd3d"
"143","B2m","Cd3g"
"144","B2m","Hfe"
"145","B2m","Hla-f"
"146","B2m","Kir2dl1"
"147","B2m","Kir2dl3"
"148","B2m","Kir3dl1"
"149","B2m","Klrc1"
"150","B2m","Klrd1"
"151","B2m","Lilrb1"
"152","B2m","Lilrb2"
"153","B2m","Tfrc"
"154","Bcan","Egfr"
"155","Bcan","Nrcam"
"156","Bdnf","Ddr1"
"157","Bdnf","Drd4"
"158","Bdnf","Ngfr"
"159","Bdnf","Ngfrap1"
"160","Bdnf","Ntrk2"
"161","Bdnf","Sort1"
"162","Bgn","Ly96"
"163","Bgn","Tlr1"
"164","Bgn","Tlr2"
"165","Bgn","Tlr4"
"166","Bmp10","Acvr1"
"167","Bmp10","Acvr2a"
"168","Bmp10","Acvr2b"
"169","Bmp10","Acvrl1"
"170","Bmp10","Bmpr1a"
"171","Bmp10","Bmpr1b"
"172","Bmp10","Bmpr2"
"173","Bmp10","Eng"
"174","Bmp15","Acvr1"
"175","Bmp15","Acvr2a"
"176","Bmp15","Acvr2b"
"177","Bmp15","Bmpr1a"
"178","Bmp15","Bmpr1b"
"179","Bmp15","Bmpr2"
"180","Bmp2","Acvr1"
"181","Bmp2","Acvr2a"
"182","Bmp2","Acvr2b"
"183","Bmp2","Bmpr1a"
"184","Bmp2","Bmpr1b"
"185","Bmp2","Bmpr2"
"186","Bmp2","Eng"
"187","Bmp2","Hfe2"
"188","Bmp3","Acvr1"
"189","Bmp3","Acvr2a"
"190","Bmp3","Acvr2b"
"191","Bmp3","Bmpr1a"
"192","Bmp3","Bmpr1b"
"193","Bmp3","Bmpr2"
"194","Bmp4","Acvr1"
"195","Bmp4","Acvr2a"
"196","Bmp4","Acvr2b"
"197","Bmp4","Bmpr1a"
"198","Bmp4","Bmpr1b"
"199","Bmp4","Bmpr2"
"200","Bmp4","Hfe2"
"201","Bmp5","Acvr1"
"202","Bmp5","Acvr2a"
"203","Bmp5","Acvr2b"
"204","Bmp5","Bmpr1a"
"205","Bmp5","Bmpr1b"
"206","Bmp5","Bmpr2"
"207","Bmp5","Hfe2"
"208","Bmp6","Acvr1"
"209","Bmp6","Acvr2a"
"210","Bmp6","Acvr2b"
"211","Bmp6","Bmpr1a"
"212","Bmp6","Bmpr1b"
"213","Bmp6","Bmpr2"
"214","Bmp7","Acvr1"
"215","Bmp7","Acvr2a"
"216","Bmp7","Acvr2b"
"217","Bmp7","Bmpr1a"
"218","Bmp7","Bmpr1b"
"219","Bmp7","Bmpr2"
"220","Bmp7","Eng"
"221","Bmp8b","Acvr1"
"222","Bmp8b","Acvr2a"
"223","Bmp8b","Acvr2b"
"224","Bmp8b","Bmpr1a"
"225","Bmp8b","Bmpr1b"
"226","Bmp8b","Bmpr2"
"227","Bst1","Cav1"
"228","Btc","Egfr"
"229","Btc","Erbb2"
"230","Btc","Erbb3"
"231","Btc","Erbb4"
"232","Btla","Cd247"
"233","Btla","Cd79a"
"234","Btla","Tnfrsf14"
"235","Btla","Vtcn1"
"236","C1qa","Cd93"
"237","C1qa","Cr1"
"238","C1qa","Cspg4"
"239","C1qb","Lrp1"
"240","C1qtnf1","Avpr2"
"241","C1qtnf5","Mfrp"
"242","Bc055324","Plscr4"
"243","1700013f07rik","Plscr4"
"244","C1orf200","Ly6g6c"
"245","C1orf200","Slc16a4"
"246","C3","C3ar1"
"247","C3","C5ar2"
"248","C3","Cd19"
"249","C3","Cd46"
"250","C3","Cd81"
"251","C3","Cr1"
"252","C3","Ifitm1"
"253","C3","Itgam"
"254","C3","Itgax"
"255","C3","Itgb2"
"256","C3","Lrp1"
"257","C4a","C3ar1"
"258","C4a","C5ar2"
"259","C4a","Cr1"
"260","C4bp","Bmpr2"
"261","C4bp","Cd40"
"262","C4bp","Lrp1"
"263","C4b","Cd46"
"264","C4b","Cr1"
"265","Hc","C5ar1"
"266","Hc","C5ar2"
"267","C5orf55","Traf2"
"268","2300002m23rik","Ddr1"
"269","Calca","Calcr"
"270","Calca","Calcrl"
"271","Calca","Ramp1"
"272","Calca","Ramp2"
"273","Calcb","Calcr"
"274","Calcb","Calcrl"
"275","Calcb","Ramp1"
"276","Calm1","Abca1"
"277","Calm1","Adcy8"
"278","Calm1","Adcyap1r1"
"279","Calm1","Aqp6"
"280","Calm1","Cacna1c"
"281","Calm1","Calcr"
"282","Calm1","Cnga2"
"283","Calm1","Crhr1"
"284","Calm1","Egfr"
"285","Calm1","Fas"
"286","Calm1","Glp1r"
"287","Calm1","Glp2r"
"288","Calm1","Gp6"
"289","Calm1","Grm3"
"290","Calm1","Grm4"
"291","Calm1","Grm5"
"292","Calm1","Grm7"
"293","Calm1","Hmmr"
"294","Calm1","Htr2c"
"295","Calm1","Insr"
"296","Calm1","Kcnn4"
"297","Calm1","Kcnq1"
"298","Calm1","Kcnq3"
"299","Calm1","Kcnq5"
"300","Calm1","Mip"
"301","Calm1","Mylk"
"302","Calm1","Mylk2"
"303","Calm1","Oprm1"
"304","Calm1","Pde1a"
"305","Calm1","Pde1b"
"306","Calm1","Pde1c"
"307","Calm1","Ppapdc2"
"308","Calm1","Pth2r"
"309","Calm1","Ptpra"
"310","Calm1","Scn10a"
"311","Calm1","Scn4a"
"312","Calm1","Sctr"
"313","Calm1","Sell"
"314","Calm1","Trpc3"
"315","Calm1","Trpc5"
"316","Calm1","Vipr1"
"317","Calm2","Abca1"
"318","Calm2","Adcy8"
"319","Calm2","Aqp6"
"320","Calm2","Cacna1c"
"321","Calm2","Egfr"
"322","Calm2","Gp6"
"323","Calm2","Grm5"
"324","Calm2","Grm7"
"325","Calm2","Insr"
"326","Calm2","Kcnq1"
"327","Calm2","Kcnq3"
"328","Calm2","Kcnq5"
"329","Calm2","Mylk"
"330","Calm2","Mylk2"
"331","Calm2","Pde1a"
"332","Calm2","Pde1b"
"333","Calm2","Pde1c"
"334","Calm2","Ppapdc2"
"335","Calm2","Scn10a"
"336","Calm2","Scn4a"
"337","Calm2","Sell"
"338","Calm2","Trpc5"
"339","Calm3","Abca1"
"340","Calm3","Adcy8"
"341","Calm3","Aqp6"
"342","Calm3","Egfr"
"343","Calm3","Gp6"
"344","Calm3","Grm5"
"345","Calm3","Grm7"
"346","Calm3","Insr"
"347","Calm3","Kcnq1"
"348","Calm3","Kcnq3"
"349","Calm3","Kcnq5"
"350","Calm3","Mylk"
"351","Calm3","Mylk2"
"352","Calm3","Pde1a"
"353","Calm3","Pde1b"
"354","Calm3","Pde1c"
"355","Calm3","Ppapdc2"
"356","Calm3","Scn10a"
"357","Calm3","Scn4a"
"358","Calm3","Sell"
"359","Calm3","Trpc5"
"360","Calr","Hla-f"
"361","Calr","Itga2b"
"362","Calr","Itga3"
"363","Calr","Itgav"
"364","Calr","Lrp1"
"365","Calr","Mtnr1a"
"366","Calr","Scarf1"
"367","Calr","Tshr"
"368","Camp","Egfr"
"369","Camp","Fpr2"
"370","Camp","Igf1r"
"371","Camp","P2rx7"
"372","Cck","Cckar"
"373","Cck","Cckbr"
"374","Ccl11","Ackr2"
"375","Ccl11","Ackr4"
"376","Ccl11","Ccr2"
"377","Ccl11","Ccr3"
"378","Ccl11","Ccr5"
"379","Ccl11","Cxcr3"
"380","Ccl2","Ackr2"
"381","Ccl2","Ackr4"
"382","Ccl2","Ccr1"
"383","Ccl2","Ccr2"
"384","Ccl2","Ccr3"
"385","Ccl2","Ccr5"
"386","Ccl2","Ccr9"
"387","Ccl2","Cxcr3"
"388","Ccl14","Ackr2"
"389","Ccl14","Ccr1"
"390","Ccl14","Ccr3"
"391","Ccl14","Ccr5"
"392","Ccl15","Ccr1"
"393","Ccl15","Ccr3"
"394","Ccl16","Ccr1"
"395","Ccl16","Ccr2"
"396","Ccl16","Ccr5"
"397","Ccl16","Ccr8"
"398","Ccl16","Hrh4"
"399","Ccl17","Ccr4"
"400","Ccl17","Ccr8"
"401","Ccl17","Darc"
"402","Ccl18","0610007p14rik"
"403","Ccl19","Ackr2"
"404","Ccl19","Ackr4"
"405","Ccl19","Ccr10"
"406","Ccl19","Ccr7"
"407","Ccl19","Ccrl2"
"408","Ccl19","Cxcr3"
"409","Ccl1","Ccr8"
"410","Ccl20","Ccr6"
"411","Ccl20","Cxcr3"
"412","Ccl21","Ackr2"
"413","Ccl21","Ackr4"
"414","Ccl21","Ccr7"
"415","Ccl21","Cxcr3"
"416","Ccl22","Ccr4"
"417","Ccl23","Ccr1"
"418","Ccl24","Ccr2"
"419","Ccl24","Ccr3"
"420","Ccl25","Ackr2"
"421","Ccl25","Ackr4"
"422","Ccl25","Ccr10"
"423","Ccl25","Ccr9"
"424","Ccl26","Ccr1"
"425","Ccl26","Ccr2"
"426","Ccl26","Ccr3"
"427","Ccl27","Ackr2"
"428","Ccl27","Ccr10"
"429","Ccl28","Ackr2"
"430","Ccl28","Ccr10"
"431","Ccl28","Ccr3"
"432","Ccl2","Ackr2"
"433","Ccl2","Ackr4"
"434","Ccl2","Ccr1"
"435","Ccl2","Ccr10"
"436","Ccl2","Ccr2"
"437","Ccl2","Ccr3"
"438","Ccl2","Ccr4"
"439","Ccl2","Ccr5"
"440","Ccl2","Darc"
"441","Ccl3l1","Ccr1"
"442","Ccl3l1","Ccr3"
"443","Ccl3l1","Ccr5"
"444","Ccl3l3","Ackr2"
"445","Ccl3l3","Ccr5"
"446","Ccl3","Ackr2"
"447","Ccl3","Ccr1"
"448","Ccl3","Ccr3"
"449","Ccl3","Ccr4"
"450","Ccl3","Ccr5"
"451","Ccl4","Ackr2"
"452","Ccl4","Ccr1"
"453","Ccl4","Ccr3"
"454","Ccl4","Ccr5"
"455","Ccl4","Ccr8"
"456","Ccl5","Ackr2"
"457","Ccl5","Ackr4"
"458","Ccl5","Ccr1"
"459","Ccl5","Ccr3"
"460","Ccl5","Ccr4"
"461","Ccl5","Ccr5"
"462","Ccl5","Cxcr3"
"463","Ccl5","Darc"
"464","Ccl5","Gpr75"
"465","Ccl5","Sdc1"
"466","Ccl5","Sdc4"
"467","Ccl7","Ackr2"
"468","Ccl7","Ackr4"
"469","Ccl7","Ccr1"
"470","Ccl7","Ccr10"
"471","Ccl7","Ccr2"
"472","Ccl7","Ccr3"
"473","Ccl7","Ccr5"
"474","Ccl7","Cxcr3"
"475","Ccl7","Darc"
"476","Ccl8","Ackr2"
"477","Ccl8","Ackr4"
"478","Ccl8","Ccr1"
"479","Ccl8","Ccr2"
"480","Ccl8","Ccr3"
"481","Ccl8","Ccr5"
"482","Ccl8","Darc"
"483","Cd14","Itga4"
"484","Cd14","Itgb1"
"485","Cd24a","Selp"
"486","Cd34","Sell"
"487","Cd34","Selp"
"488","Cd40lg","Cd40"
"489","Cd40lg","Itgam"
"490","Cd40lg","Itgb2"
"491","Cd40lg","Traf3"
"492","Cd55","Cd97"
"493","Cd55","Cr1"
"494","Cd55","Emr2"
"495","Cd5l","Cd5"
"496","Cd70","Cd27"
"497","Cdh1","Cdh2"
"498","Cdh1","Egfr"
"499","Cdh1","Erbb3"
"500","Cdh1","Igf1r"
"501","Cdh1","Itgae"
"502","Cdh1","Itgb7"
"503","Cdh1","Klrg1"
"504","Cdh1","Lrp5"
"505","Cdh1","Ptprf"
"506","Cdh1","Ptprm"
"507","Cela3b","Chrm3"
"508","Cel","Cxcr4"
"509","Cfh","Itgam"
"510","Cfh","Sell"
"511","Cga","Fshr"
"512","Cga","Lhcgr"
"513","Cga","Sirpa"
"514","Cga","Tshr"
"515","Cgb8","Sirpa"
"516","Cgb","Lhcgr"
"517","Cgn","F11r"
"518","Cgn","Ocln"
"519","Cgn","Tgfbr1"
"520","Cgn","Tgfbr2"
"521","Chad","Itga2"
"522","Chad","Itgb1"
"523","Clcf1","Cntfr"
"524","Clcf1","Crlf1"
"525","Clcf1","Il6st"
"526","Clcf1","Lifr"
"527","Clec11a","Kit"
"528","Clec3a","Clec10a"
"529","Clec3a","Clec2b"
"530","Cntf","Cntfr"
"531","Cntf","Il6ra"
"532","Cntf","Il6st"
"533","Cntf","Lifr"
"534","Cntn2","Cntn1"
"535","Cntn2","Cntnap2"
"536","Cntn2","Nrcam"
"537","Cntn2","Nrp1"
"538","Cntn4","Ptprg"
"539","Col11a1","Ddr1"
"540","Col11a1","Itga2"
"541","Col11a1","Itgb1"
"542","Col14a1","Cd44"
"543","Col18a1","Gpc1"
"544","Col18a1","Gpc4"
"545","Col18a1","Itga5"
"546","Col18a1","Itgb1"
"547","Col18a1","Kdr"
"548","Col1a1","Cd36"
"549","Col1a1","Cd44"
"550","Col1a1","Cd93"
"551","Col1a1","Ddr1"
"552","Col1a1","Ddr2"
"553","Col1a1","Flt4"
"554","Col1a1","Itga1"
"555","Col1a1","Itga11"
"556","Col1a1","Itga2"
"557","Col1a1","Itga5"
"558","Col1a1","Itgav"
"559","Col1a1","Itgb1"
"560","Col1a1","Tmprss6"
"561","Col1a2","Cd36"
"562","Col1a2","Cd44"
"563","Col1a2","Cd93"
"564","Col1a2","Flt4"
"565","Col1a2","Itga1"
"566","Col1a2","Itga11"
"567","Col1a2","Itga2"
"568","Col1a2","Itga2b"
"569","Col1a2","Itgav"
"570","Col1a2","Itgb1"
"571","Col1a2","Itgb3"
"572","Col2a1","Ddr1"
"573","Col2a1","Itga1"
"574","Col2a1","Itga10"
"575","Col2a1","Itga2"
"576","Col2a1","Itga2b"
"577","Col2a1","Itgb1"
"578","Col2a1","Mag"
"579","Col2a1","Or1e1"
"580","Col2a1","Tnfrsf10a"
"581","Col3a1","Ddr1"
"582","Col3a1","Ddr2"
"583","Col3a1","Itga2"
"584","Col3a1","Itgb1"
"585","Col3a1","Mag"
"586","Col4a1","Cd47"
"587","Col4a1","Cd93"
"588","Col4a1","Itga1"
"589","Col4a1","Itga2"
"590","Col4a1","Itgav"
"591","Col4a1","Itgb1"
"592","Col4a1","Itgb8"
"593","Col4a2","Cd93"
"594","Col4a3","Cd47"
"595","Col4a3","Cd93"
"596","Col4a3","Itga1"
"597","Col4a3","Itga2"
"598","Col4a3","Itgav"
"599","Col4a3","Itgb1"
"600","Col4a4","Cd47"
"601","Col4a4","Cd93"
"602","Col4a4","Itga1"
"603","Col4a4","Itga2"
"604","Col4a4","Itgav"
"605","Col4a4","Itgb1"
"606","Col4a5","Cd47"
"607","Col4a5","Cd93"
"608","Col4a5","Itga1"
"609","Col4a5","Itga2"
"610","Col4a5","Itgav"
"611","Col4a5","Itgb1"
"612","Col4a6","Cd47"
"613","Col4a6","Cd93"
"614","Col4a6","Itga1"
"615","Col4a6","Itga2"
"616","Col4a6","Itgav"
"617","Col4a6","Itgb1"
"618","Col5a1","Itga1"
"619","Col5a1","Itgb1"
"620","Col5a1","Sdc3"
"621","Col5a2","Ddr1"
"622","Col5a2","Itga1"
"623","Col5a2","Itgb1"
"624","Col5a3","Sdc3"
"625","Col6a1","Itga1"
"626","Col6a1","Itga2"
"627","Col6a1","Itga6"
"628","Col6a1","Itgb1"
"629","Col6a2","Itga1"
"630","Col6a2","Itga2"
"631","Col6a2","Itgb1"
"632","Col6a3","Itga1"
"633","Col6a3","Itga2"
"634","Col6a3","Itgb1"
"635","Col7a1","Itga2"
"636","Col7a1","Itgb1"
"637","Col8a1","Itga1"
"638","Col8a1","Itga2"
"639","Col9a1","Mag"
"640","Col9a2","Mag"
"641","Col9a3","Mag"
"642","Colq","Musk"
"643","Cort","Ghsr"
"644","Cort","Mrgprx2"
"645","Cort","Sstr1"
"646","Cort","Sstr2"
"647","Cort","Sstr3"
"648","Cort","Sstr4"
"649","Cort","Sstr5"
"650","Cpamd8","Sctr"
"651","Cp","Slc40a1"
"652","Crh","Crhr1"
"653","Crh","Crhr2"
"654","Crh","Mc2r"
"655","Crp","Olr1"
"656","Csf1","Csf1r"
"657","Csf2","Csf1r"
"658","Csf2","Csf2ra"
"659","Csf2","Csf2rb"
"660","Csf2","Csf3r"
"661","Csf2","Il3ra"
"662","Csf2","Itga9"
"663","Csf2","Itgb1"
"664","Csf2","Sdc2"
"665","Csf3","Csf1r"
"666","Csf3","Csf3r"
"667","Csh1","Prlr"
"668","Csh2","Prlr"
"669","Cshl1","Ghr"
"670","Cshl1","Prlr"
"671","Ctf1","Il6st"
"672","Ctf1","Lifr"
"673","Ctgf","Erbb4"
"674","Ctgf","Itga5"
"675","Ctgf","Itgam"
"676","Ctgf","Itgb2"
"677","Ctgf","Lrp1"
"678","Ctgf","Lrp6"
"679","Ctgf","Ntrk1"
"680","Cthrc1","Fzd3"
"681","Cthrc1","Fzd5"
"682","Cthrc1","Fzd6"
"683","Cubn","Lrp2"
"684","Cx3cl1","Cx3cr1"
"685","Cxcl10","Ccr3"
"686","Cxcl10","Cxcr3"
"687","Cxcl10","Sdc4"
"688","Cxcl11","Ackr3"
"689","Cxcl11","Ccr3"
"690","Cxcl11","Cxcr3"
"691","Cxcl12","Ackr3"
"692","Cxcl12","Ccr4"
"693","Cxcl12","Cd4"
"694","Cxcl12","Cxcr3"
"695","Cxcl12","Cxcr4"
"696","Cxcl12","Itgb1"
"697","Cxcl12","Sdc4"
"698","Cxcl13","Ackr4"
"699","Cxcl13","Ccr10"
"700","Cxcl13","Cxcr3"
"701","Cxcl13","Cxcr5"
"702","Cxcl13","Htr2a"
"703","Cxcl13","Oprd1"
"704","Cxcl16","Cxcr6"
"705","Cxcl1","Cxcr1"
"706","Cxcl1","Cxcr1"
"707","Cxcl1","Darc"
"708","Cxcl2","Cxcr1"
"709","Cxcl2","Cxcr1"
"710","Cxcl2","Xcr1"
"711","Cxcl3","Cxcr1"
"712","Cxcl3","Cxcr1"
"713","Cxcl5","Cxcr1"
"714","Cxcl5","Cxcr1"
"715","Cxcl5","Darc"
"716","Cxcl6","Cxcr1"
"717","Cxcl6","Cxcr1"
"718","Cxcl9","Ccr3"
"719","Cxcl9","Cxcr3"
"720","Cyr61","Cav1"
"721","Cyr61","Itga5"
"722","Cyr61","Itgam"
"723","Cyr61","Itgav"
"724","Cyr61","Itgb2"
"725","Cyr61","Itgb3"
"726","Cyr61","Itgb5"
"727","Dcn","Egfr"
"728","Dcn","Erbb4"
"729","Dcn","Met"
"730","Defb103a","Ccr6"
"731","Defb103b","Ccr2"
"732","Defb103b","Ccr6"
"733","Defb1","Ccr6"
"734","Defb4a","Ccr6"
"735","Defb4a","Tlr4"
"736","Defb4b","Ccr6"
"737","Dhh","Boc"
"738","Dhh","Cdon"
"739","Dhh","Hhip"
"740","Dhh","Ptch1"
"741","Dhh","Ptch2"
"742","Dkk1","Kremen1"
"743","Dkk1","Kremen2"
"744","Dkk1","Lrp5"
"745","Dkk1","Lrp6"
"746","Dkk2","Kremen2"
"747","Dkk2","Lrp6"
"748","Dlk1","Notch1"
"749","Dlk1","Notch2"
"750","Dlk1","Notch3"
"751","Dlk1","Notch4"
"752","Dlk2","Notch1"
"753","Dll1","Notch1"
"754","Dll1","Notch2"
"755","Dll1","Notch3"
"756","Dll1","Notch4"
"757","Dll3","Notch1"
"758","Dll3","Notch2"
"759","Dll3","Notch3"
"760","Dll3","Notch4"
"761","Dll4","Notch1"
"762","Dll4","Notch2"
"763","Dll4","Notch3"
"764","Dll4","Notch4"
"765","Dscam","Dcc"
"766","Dusp18","Cd151"
"767","Dusp18","Itga1"
"768","Dusp18","Itga2"
"769","Dusp18","Itga3"
"770","Dusp18","Itga6"
"771","Dusp18","Itga7"
"772","Dusp18","Itgb1"
"773","Dusp18","Itgb4"
"774","Dusp18","Rpsa"
"775","Ebi3","Il27ra"
"776","Ebi3","Il6st"
"777","Ecm1","Cachd1"
"778","Eda","Eda2r"
"779","Eda","Edar"
"780","Edil3","Itgav"
"781","Edil3","Itgb5"
"782","Edn1","Ednra"
"783","Edn1","Ednrb"
"784","Edn1","Eltd1"
"785","Edn1","Kel"
"786","Edn2","Ednra"
"787","Edn2","Ednrb"
"788","Edn2","Kel"
"789","Edn3","Ednra"
"790","Edn3","Ednrb"
"791","Edn3","Kel"
"792","Efemp1","Egfr"
"793","Efemp2","Aqp1"
"794","Efemp2","Catsper1"
"795","Efemp2","Lingo1"
"796","Efemp2","Plscr4"
"797","Efna1","Epha1"
"798","Efna1","Epha2"
"799","Efna1","Epha3"
"800","Efna1","Epha4"
"801","Efna1","Epha5"
"802","Efna1","Epha6"
"803","Efna1","Epha7"
"804","Efna1","Epha8"
"805","Efna1","Ephb2"
"806","Efna1","Ephb6"
"807","Efna2","Epha1"
"808","Efna2","Epha2"
"809","Efna2","Epha3"
"810","Efna2","Epha4"
"811","Efna2","Epha5"
"812","Efna2","Epha6"
"813","Efna2","Epha7"
"814","Efna2","Epha8"
"815","Efna3","Epha1"
"816","Efna3","Epha2"
"817","Efna3","Epha3"
"818","Efna3","Epha4"
"819","Efna3","Epha5"
"820","Efna3","Epha6"
"821","Efna3","Epha7"
"822","Efna3","Epha8"
"823","Efna3","Ephb2"
"824","Efna3","Ephb6"
"825","Efna4","Epha1"
"826","Efna4","Epha2"
"827","Efna4","Epha3"
"828","Efna4","Epha4"
"829","Efna4","Epha5"
"830","Efna4","Epha6"
"831","Efna4","Epha7"
"832","Efna4","Epha8"
"833","Efna5","Epha1"
"834","Efna5","Epha2"
"835","Efna5","Epha3"
"836","Efna5","Epha4"
"837","Efna5","Epha5"
"838","Efna5","Epha6"
"839","Efna5","Epha7"
"840","Efna5","Epha8"
"841","Efna5","Ephb2"
"842","Efna5","Ephb2"
"843","Efna5","Ephb6"
"844","Efnb1","Epha4"
"845","Efnb1","Epha6"
"846","Efnb1","Ephb2"
"847","Efnb1","Ephb2"
"848","Efnb1","Ephb3"
"849","Efnb1","Ephb4"
"850","Efnb1","Ephb6"
"851","Efnb1","Erbb2"
"852","Efnb2","Epha3"
"853","Efnb2","Epha4"
"854","Efnb2","Epha6"
"855","Efnb2","Ephb2"
"856","Efnb2","Ephb2"
"857","Efnb2","Ephb3"
"858","Efnb2","Ephb4"
"859","Efnb2","Ephb6"
"860","Efnb2","Grm1"
"861","Efnb2","Grm5"
"862","Efnb2","Pecam1"
"863","Efnb2","Rhbdl2"
"864","Efnb3","Epha4"
"865","Efnb3","Ephb2"
"866","Efnb3","Ephb2"
"867","Efnb3","Ephb3"
"868","Efnb3","Ephb4"
"869","Efnb3","Ephb6"
"870","Efnb3","Rhbdl2"
"871","Egfl8","Ncr3"
"872","Egf","Cav1"
"873","Egf","Egfr"
"874","Egf","Erbb2"
"875","Egf","Erbb3"
"876","Egf","Erbb4"
"877","Egf","Fshr"
"878","Epgn","Egfr"
"879","Epo","Epor"
"880","Ereg","Egfr"
"881","Ereg","Erbb2"
"882","Ereg","Erbb3"
"883","Ereg","Erbb4"
"884","F10","F3"
"885","F10","Itgam"
"886","F10","Itgb2"
"887","F11","Gp1ba"
"888","F12","Cd93"
"889","F12","Gp1ba"
"890","F13a1","Itga4"
"891","F13a1","Itga9"
"892","F13a1","Itgb1"
"893","F2","F2r"
"894","F2","F2rl1"
"895","F2","F2rl2"
"896","F2","F2rl3"
"897","F2","Gp1ba"
"898","F2","Gp1bb"
"899","F2","Gp9"
"900","F2","Itga2b"
"901","F2","Thbd"
"902","F7","F3"
"903","F8","Asgr2"
"904","F8","Ldlr"
"905","F8","Lrp1"
"906","F9","Lrp1"
"907","Farp2","Plxna1"
"908","Farp2","Plxna2"
"909","Farp2","Plxna3"
"910","Farp2","Plxna4"
"911","Fasl","Fas"
"912","Fasl","Tnfrsf1a"
"913","Fasl","Tnfrsf6b"
"914","Fat4","Dchs1"
"915","Fbln1","Itgb1"
"916","Fbln2","Itgb3"
"917","Fbn1","Itga5"
"918","Fbn1","Itgav"
"919","Fbn1","Itgb1"
"920","Fbn1","Itgb3"
"921","Fbn1","Itgb6"
"922","Fcn2","Lrp1"
"923","Fga","Cdh5"
"924","Fga","Itga2b"
"925","Fga","Itga5"
"926","Fga","Itgad"
"927","Fga","Itgam"
"928","Fga","Itgav"
"929","Fga","Itgax"
"930","Fga","Itgb1"
"931","Fga","Itgb2"
"932","Fga","Itgb3"
"933","Fga","Plaur"
"934","Fgb","Itga2b"
"935","Fgb","Itga5"
"936","Fgb","Itgam"
"937","Fgb","Itgav"
"938","Fgb","Itgb1"
"939","Fgb","Itgb2"
"940","Fgf10","Fgfr1"
"941","Fgf10","Fgfr2"
"942","Fgf10","Fgfr3"
"943","Fgf10","Fgfr4"
"944","Fgf11","Fgfr1"
"945","Fgf11","Fgfr2"
"946","Fgf11","Fgfr3"
"947","Fgf11","Fgfr4"
"948","Fgf12","Fgfr1"
"949","Fgf12","Fgfr2"
"950","Fgf12","Fgfr3"
"951","Fgf12","Fgfr4"
"952","Fgf13","Egfr"
"953","Fgf13","Fgfr1"
"954","Fgf13","Fgfr2"
"955","Fgf13","Fgfr3"
"956","Fgf13","Fgfr4"
"957","Fgf13","Scn5a"
"958","Fgf13","Scn8a"
"959","Fgf14","Fgfr1"
"960","Fgf14","Fgfr2"
"961","Fgf14","Fgfr3"
"962","Fgf14","Fgfr4"
"963","Fgf16","Fgfr1"
"964","Fgf16","Fgfr2"
"965","Fgf16","Fgfr3"
"966","Fgf16","Fgfr4"
"967","Fgf17","Fgfr1"
"968","Fgf17","Fgfr2"
"969","Fgf17","Fgfr3"
"970","Fgf17","Fgfr4"
"971","Fgf18","Fgfr1"
"972","Fgf18","Fgfr2"
"973","Fgf18","Fgfr3"
"974","Fgf18","Fgfr4"
"975","Fgf15","Fgfr1"
"976","Fgf15","Fgfr2"
"977","Fgf15","Fgfr3"
"978","Fgf15","Fgfr4"
"979","Fgf15","Klb"
"980","Fgf1","Cd44"
"981","Fgf1","Egfr"
"982","Fgf1","Fgfr1"
"983","Fgf1","Fgfr2"
"984","Fgf1","Fgfr3"
"985","Fgf1","Fgfr4"
"986","Fgf1","Fgfrl1"
"987","Fgf1","Nrp1"
"988","Fgf20","Fgfr4"
"989","Fgf21","Fgfr2"
"990","Fgf21","Fgfr4"
"991","Fgf22","Fgfr2"
"992","Fgf23","Fgfr1"
"993","Fgf23","Fgfr2"
"994","Fgf23","Fgfr3"
"995","Fgf23","Fgfr4"
"996","Fgf23","Phex"
"997","Fgf2","Cd44"
"998","Fgf2","Fgfr1"
"999","Fgf2","Fgfr2"
"1000","Fgf2","Fgfr3"
"1001","Fgf2","Fgfr4"
"1002","Fgf2","Fgfrl1"
"1003","Fgf2","Gpc4"
"1004","Fgf2","Nrp1"
"1005","Fgf2","Sdc1"
"1006","Fgf2","Sdc2"
"1007","Fgf2","Sdc3"
"1008","Fgf2","Sdc4"
"1009","Fgf3","Fgfr1"
"1010","Fgf3","Fgfr2"
"1011","Fgf3","Fgfr3"
"1012","Fgf3","Fgfr4"
"1013","Fgf4","Fgfr1"
"1014","Fgf4","Fgfr2"
"1015","Fgf4","Fgfr3"
"1016","Fgf4","Fgfr4"
"1017","Fgf4","Nrp1"
"1018","Fgf5","Fgfr1"
"1019","Fgf5","Fgfr2"
"1020","Fgf5","Fgfr3"
"1021","Fgf5","Fgfr4"
"1022","Fgf6","Fgfr1"
"1023","Fgf6","Fgfr2"
"1024","Fgf6","Fgfr3"
"1025","Fgf6","Fgfr4"
"1026","Fgf6","Sdc4"
"1027","Fgf7","Fgfr1"
"1028","Fgf7","Fgfr2"
"1029","Fgf7","Fgfr3"
"1030","Fgf7","Fgfr4"
"1031","Fgf7","Nrp1"
"1032","Fgf8","Fgfr1"
"1033","Fgf8","Fgfr2"
"1034","Fgf8","Fgfr3"
"1035","Fgf8","Fgfr4"
"1036","Fgf9","Fgfr1"
"1037","Fgf9","Fgfr2"
"1038","Fgf9","Fgfr3"
"1039","Fgf9","Fgfr4"
"1040","Fgg","Itga2b"
"1041","Fgg","Itga5"
"1042","Fgg","Itgav"
"1043","Fgg","Itgb1"
"1044","Fgg","Itgb2"
"1045","Fgl1","Egfr"
"1046","Figf","Flt1"
"1047","Figf","Flt4"
"1048","Figf","Itga1"
"1049","Figf","Itga2"
"1050","Figf","Itga4"
"1051","Figf","Itga5"
"1052","Figf","Itga9"
"1053","Figf","Itgb1"
"1054","Figf","Kdr"
"1055","Figf","Nrp2"
"1056","Flt3l","Flt3"
"1057","Fn1","C5ar1"
"1058","Fn1","Cd44"
"1059","Fn1","Cd79a"
"1060","Fn1","Col13a1"
"1061","Fn1","Flt4"
"1062","Fn1","Il17rc"
"1063","Fn1","Itga2"
"1064","Fn1","Itga2b"
"1065","Fn1","Itga3"
"1066","Fn1","Itga4"
"1067","Fn1","Itga5"
"1068","Fn1","Itga6"
"1069","Fn1","Itga8"
"1070","Fn1","Itga9"
"1071","Fn1","Itgav"
"1072","Fn1","Itgb1"
"1073","Fn1","Itgb3"
"1074","Fn1","Itgb6"
"1075","Fn1","Itgb7"
"1076","Fn1","Itgb8"
"1077","Fn1","Mag"
"1078","Fn1","Nt5e"
"1079","Fn1","Plaur"
"1080","Fn1","Robo4"
"1081","Fn1","Sdc2"
"1082","Fn1","Tmprss6"
"1083","Fn1","Tnfrsf11b"
"1084","Fn1","Tshr"
"1085","Fshb","Fshr"
"1086","Fst","Bmpr1b"
"1087","Fst","Bmpr2"
"1088","Fst","Hfe2"
"1089","Gad1","Grm4"
"1090","Galp","Galr1"
"1091","Galp","Galr2"
"1092","Galp","Galr3"
"1093","Gal","Galr1"
"1094","Gal","Galr2"
"1095","Gal","Galr3"
"1096","Gal","Gpr151"
"1097","Gas6","Axl"
"1098","Gas6","Mertk"
"1099","Gas6","Tyro3"
"1100","Gast","Cckbr"
"1101","Gcg","Gcgr"
"1102","Gcg","Glp1r"
"1103","Gcg","Glp2r"
"1104","Gdf10","Acvr1b"
"1105","Gdf11","Acvr1b"
"1106","Gdf11","Acvr2a"
"1107","Gdf11","Acvr2b"
"1108","Gdf2","Acvr1"
"1109","Gdf2","Acvr2a"
"1110","Gdf2","Acvr2b"
"1111","Gdf2","Acvrl1"
"1112","Gdf2","Bmpr2"
"1113","Gdf2","Eng"
"1114","Gdf5","Acvr1"
"1115","Gdf5","Acvr2a"
"1116","Gdf5","Acvr2b"
"1117","Gdf5","Bmpr1a"
"1118","Gdf5","Bmpr1b"
"1119","Gdf5","Bmpr2"
"1120","Gdf5","Ror2"
"1121","Gdf6","Bmpr1a"
"1122","Gdf6","Bmpr1b"
"1123","Gdf6","Bmpr2"
"1124","Gdf7","Acvr2a"
"1125","Gdf7","Bmpr1a"
"1126","Gdf7","Bmpr2"
"1127","Gdf9","Acvr2a"
"1128","Gdf9","Bmpr1a"
"1129","Gdf9","Bmpr1b"
"1130","Gdf9","Bmpr2"
"1131","Gdf9","Fxyd6"
"1132","Gdf9","Orai2"
"1133","Gdf9","Tgfbr1"
"1134","Gdnf","Ednrb"
"1135","Gdnf","Gfra1"
"1136","Gdnf","Gfra2"
"1137","Gdnf","Ret"
"1138","Gdnf","Slc44a5"
"1139","Gh1","Ghr"
"1140","Gh1","Prlr"
"1141","Gh2","Ghr"
"1142","Ghrh","Ghrhr"
"1143","Ghrh","Vipr1"
"1144","Ghrl","Ghrhr"
"1145","Ghrl","Ghsr"
"1146","Ghrl","Gpr39"
"1147","Ghrl","Mlnr"
"1148","Gip","Dpp4"
"1149","Gip","Gipr"
"1150","Gip","Insr"
"1151","Gnai2","Adcy1"
"1152","Gnai2","Adcy7"
"1153","Gnai2","Adcy8"
"1154","Gnai2","Adcy9"
"1155","Gnai2","Adora1"
"1156","Gnai2","Adra2a"
"1157","Gnai2","Adra2b"
"1158","Gnai2","Agtr2"
"1159","Gnai2","C5ar1"
"1160","Gnai2","Cav1"
"1161","Gnai2","Ccr5"
"1162","Gnai2","Chrm1"
"1163","Gnai2","Cnr1"
"1164","Gnai2","Cxcr1"
"1165","Gnai2","Cxcr1"
"1166","Gnai2","Cxcr3"
"1167","Gnai2","Drd2"
"1168","Gnai2","Ednra"
"1169","Gnai2","Ednrb"
"1170","Gnai2","Egfr"
"1171","Gnai2","F2r"
"1172","Gnai2","Fpr1"
"1173","Gnai2","Igf1r"
"1174","Gnai2","Lhcgr"
"1175","Gnai2","Lpar3"
"1176","Gnai2","Mtnr1a"
"1177","Gnai2","Mtnr1b"
"1178","Gnai2","Oprd1"
"1179","Gnai2","Oprm1"
"1180","Gnai2","P2ry12"
"1181","Gnai2","Ptpru"
"1182","Gnai2","S1pr1"
"1183","Gnai2","S1pr3"
"1184","Gnai2","S1pr4"
"1185","Gnai2","S1pr5"
"1186","Gnai2","Tbxa2r"
"1187","Gnai2","Tshr"
"1188","Gnai2","Unc5b"
"1189","Gnas","Adcy1"
"1190","Gnas","Adcy7"
"1191","Gnas","Adcy8"
"1192","Gnas","Adcy9"
"1193","Gnas","Adora1"
"1194","Gnas","Adrb3"
"1195","Gnas","Avpr2"
"1196","Gnas","Crhr1"
"1197","Gnas","Gcgr"
"1198","Gnas","Glp1r"
"1199","Gnas","Htr6"
"1200","Gnas","Lhcgr"
"1201","Gnas","Ptgdr"
"1202","Gnas","Ptgir"
"1203","Gnas","Tshr"
"1204","Gnas","Vipr1"
"1205","Gnb3","Gabbr2"
"1206","Gnb3","Tgfbr1"
"1207","Gnrh1","Gnrhr"
"1208","Gnrh2","Gnrhr"
"1209","Gpc3","Cd81"
"1210","Gpc3","Igf1r"
"1211","Gpha2","Tshr"
"1212","Gpi1","Amfr"
"1213","Grem1","Kdr"
"1214","Grp","Brs3"
"1215","Grp","Grpr"
"1216","Grp","Nmbr"
"1217","Gstp1","Traf2"
"1218","Guca2a","Gucy2c"
"1219","Guca2b","Gucy2c"
"1220","Guca2b","Gucy2e"
"1221","Gzmb","Chrm3"
"1222","Gzmb","Igf2r"
"1223","Gzmb","Pgrmc1"
"1224","Has2","Cd44"
"1225","Has2","Hmmr"
"1226","Hbegf","Cd44"
"1227","Hbegf","Cd82"
"1228","Hbegf","Cd9"
"1229","Hbegf","Egfr"
"1230","Hbegf","Erbb2"
"1231","Hbegf","Erbb4"
"1232","Hbegf","Prlr"
"1233","Hcrt","Hcrtr1"
"1234","Hcrt","Hcrtr2"
"1235","Hcrt","Npffr2"
"1236","Hdc","Hrh1"
"1237","Hdc","Hrh2"
"1238","Hdc","Hrh3"
"1239","Hdc","Hrh4"
"1240","Hebp1","Fpr3"
"1241","Hgf","Cd44"
"1242","Hgf","Met"
"1243","Hgf","Sdc1"
"1244","Hgf","Sdc2"
"1245","Hgf","St14"
"1246","Hhipl2","Cachd1"
"1247","Hhla3","Chrm3"
"1248","Hla-a","Aplp2"
"1249","Hla-a","Cd3d"
"1250","Hla-a","Cd3g"
"1251","Hla-a","Erbb2"
"1252","Hla-a","Kir2dl1"
"1253","Hla-a","Kir2dl3"
"1254","Hla-a","Kir3dl1"
"1255","Hla-a","Kir3dl2"
"1256","Hla-a","Lilrb1"
"1257","Hla-a","Lilrb2"
"1258","Hla-b","Canx"
"1259","Hla-b","Cd3d"
"1260","Hla-b","Cd3g"
"1261","Hla-b","Kir2dl3"
"1262","Hla-b","Kir3dl1"
"1263","Hla-b","Klrd1"
"1264","Hla-b","Lilrb1"
"1265","Hla-b","Lilrb2"
"1266","Hla-c","Cd3d"
"1267","Hla-c","Cd3g"
"1268","Hla-c","Ddr1"
"1269","Hla-c","Kir2dl1"
"1270","Hla-c","Kir2dl3"
"1271","Hla-c","Kir2ds4"
"1272","Hla-c","Kir3dl1"
"1273","Hla-c","Lilra3"
"1274","Hla-c","Lilrb1"
"1275","Hla-c","Lilrb2"
"1276","Hla-c","Notch4"
"1277","Hla-c","Slc9c2"
"1278","Hla-e","Kir3dl1"
"1279","Hla-e","Klrc1"
"1280","Hla-e","Klrc2"
"1281","Hla-e","Klrd1"
"1282","Hla-e","Slc16a4"
"1283","Hla-g","Cd4"
"1284","Hla-g","Kir2dl4"
"1285","Hla-g","Klrc1"
"1286","Hla-g","Klrd1"
"1287","Hla-g","Lilrb1"
"1288","Hla-g","Lilrb2"
"1289","Hmgb1","Sdc1"
"1290","Hmgb1","Thbd"
"1291","Hp","Asgr1"
"1292","Hp","Asgr2"
"1293","Hp","Itgam"
"1294","Hp","Itgb2"
"1295","Hras","Agtr1"
"1296","Hras","Cav1"
"1297","Hras","Grin2d"
"1298","Hras","Insr"
"1299","Hras","Sdc2"
"1300","Hras","Tlr2"
"1301","Hras","Tlr9"
"1302","Hrg","Fcgr1a"
"1303","Hsp90aa1","Cftr"
"1304","Hsp90aa1","Egfr"
"1305","Hsp90aa1","Fgfr3"
"1306","Hsp90b1","Asgr1"
"1307","Hsp90b1","Erbb2"
"1308","Hsp90b1","Lrp1"
"1309","Hsp90b1","Tlr1"
"1310","Hsp90b1","Tlr2"
"1311","Hsp90b1","Tlr4"
"1312","Hsp90b1","Tlr7"
"1313","Hsp90b1","Tlr9"
"1314","Hspa1a","Grin2d"
"1315","Hspa1a","Tlr4"
"1316","Hspg2","Chrm3"
"1317","Hspg2","Col13a1"
"1318","Hspg2","Itga2"
"1319","Hspg2","Itgb1"
"1320","Hspg2","Ptprs"
"1321","Hspg2","Sdc1"
"1322","Iapp","Calcr"
"1323","Iapp","Ramp1"
"1324","Iapp","Ramp2"
"1325","Iapp","Ramp3"
"1326","Ibsp","Itgav"
"1327","Icam1","Cav1"
"1328","Icam1","Egfr"
"1329","Icam1","Il2ra"
"1330","Icam1","Il2rg"
"1331","Icam1","Itgal"
"1332","Icam1","Itgam"
"1333","Icam1","Itgax"
"1334","Icam1","Itgb2"
"1335","Icam2","Itgal"
"1336","Icam2","Itgam"
"1337","Icam2","Itgb2"
"1338","Icam3","Clec4m"
"1339","Icam3","Itgad"
"1340","Icam3","Itgal"
"1341","Icam3","Itgb2"
"1342","Icam4","Itga2b"
"1343","Icam4","Itga4"
"1344","Icam4","Itgal"
"1345","Icam4","Itgam"
"1346","Icam4","Itgav"
"1347","Icam4","Itgb1"
"1348","Icam4","Itgb2"
"1349","Icam4","Itgb3"
"1350","Icam4","Rhag"
"1351","Icam5","Itgal"
"1352","Icam5","Itgb2"
"1353","Ifna10","Ifnar1"
"1354","Ifna10","Ifnar2"
"1355","Ifna13","Ifnar1"
"1356","Ifna13","Ifnar2"
"1357","Ifna14","Ifnar1"
"1358","Ifna14","Ifnar2"
"1359","Ifna16","Ifnar1"
"1360","Ifna16","Ifnar2"
"1361","Ifna17","Ifnar1"
"1362","Ifna17","Ifnar2"
"1363","Ifna1","Ifnar1"
"1364","Ifna1","Ifnar2"
"1365","Ifna21","Ifnar1"
"1366","Ifna21","Ifnar2"
"1367","Ifna2","Ifnar1"
"1368","Ifna2","Ifnar2"
"1369","Ifna4","Ifnar1"
"1370","Ifna4","Ifnar2"
"1371","Ifna5","Ifnar1"
"1372","Ifna5","Ifnar2"
"1373","Ifna6","Ifnar1"
"1374","Ifna6","Ifnar2"
"1375","Ifna7","Ifnar1"
"1376","Ifna7","Ifnar2"
"1377","Ifna8","Ifnar1"
"1378","Ifna8","Ifnar2"
"1379","Ifnb1","Ifnar1"
"1380","Ifnb1","Ifnar2"
"1381","Ifng","Ifngr1"
"1382","Ifng","Ifngr2"
"1383","Ifnl1","Ifnlr1"
"1384","Ifnl1","Il10rb"
"1385","Ifnl2","Ifnlr1"
"1386","Ifnl2","Il10rb"
"1387","Ifnl3","Ifnlr1"
"1388","Ifnl3","Il10rb"
"1389","Ifnw1","Ifnar1"
"1390","Ifnw1","Ifnar2"
"1391","Igf1","Igf1r"
"1392","Igf1","Insr"
"1393","Igf2","Igf1r"
"1394","Igf2","Igf2r"
"1395","Igf2","Insr"
"1396","Igfbp4","Fzd8"
"1397","Igfbp4","Lrp6"
"1398","Igfl1","Igflr1"
"1399","Igfl2","Igflr1"
"1400","Igfl3","Igflr1"
"1401","Ihh","Boc"
"1402","Ihh","Cdon"
"1403","Ihh","Hhip"
"1404","Ihh","Ptch1"
"1405","Ihh","Ptch2"
"1406","Il10","Il10ra"
"1407","Il10","Il10rb"
"1408","Il10","Sirpg"
"1409","Il11","Il11ra"
"1410","Il11","Il6st"
"1411","Il12a","Cd28"
"1412","Il12a","Il12rb1"
"1413","Il12a","Il12rb2"
"1414","Il12b","Il12rb1"
"1415","Il12b","Il12rb2"
"1416","Il12b","Il23r"
"1417","Il13","Il13ra1"
"1418","Il13","Il13ra2"
"1419","Il13","Il2rg"
"1420","Il13","Il4ra"
"1421","Il15","Il15ra"
"1422","Il15","Il2ra"
"1423","Il15","Il2rb"
"1424","Il15","Il2rg"
"1425","Il16","Ccr5"
"1426","Il16","Cd4"
"1427","Il16","Grin2c"
"1428","Il16","Grin2d"
"1429","Il16","Kcna3"
"1430","Il16","Kcnd1"
"1431","Il16","Kcnd2"
"1432","Il16","Kcnj10"
"1433","Il16","Kcnj15"
"1434","Il16","Kcnj4"
"1435","Il17a","Il17ra"
"1436","Il17a","Il17rc"
"1437","Il17b","Il17rb"
"1438","Il17f","Il17ra"
"1439","Il18","Cd48"
"1440","Il18","Il18r1"
"1441","Il18","Il18rap"
"1442","Il18","Il1rapl1"
"1443","Il18","Il1rl2"
"1444","Il19","Il20ra"
"1445","Il19","Il20rb"
"1446","Il1a","Il1r1"
"1447","Il1a","Il1r2"
"1448","Il1a","Il1rap"
"1449","Il1b","Adrb2"
"1450","Il1b","Il1r1"
"1451","Il1b","Il1r2"
"1452","Il1b","Il1rap"
"1453","Il1f10","Il1r1"
"1454","Il1rn","Il1r1"
"1455","Il1rn","Il1r2"
"1456","Il1rn","Il1rl2"
"1457","Il20","Il20ra"
"1458","Il20","Il20rb"
"1459","Il20","Il22ra1"
"1460","Il21","Il21r"
"1461","Il21","Il2rg"
"1462","Il22","Il10ra"
"1463","Il22","Il10rb"
"1464","Il22","Il21r"
"1465","Il22","Il22ra1"
"1466","Il22","Il22ra2"
"1467","Il23a","Il12rb1"
"1468","Il23a","Il23r"
"1469","Il24","Il20ra"
"1470","Il24","Il20rb"
"1471","Il24","Il22ra1"
"1472","Il25","Il17rb"
"1473","Il26","Il20ra"
"1474","Il27","Il27ra"
"1475","Il2","Cd53"
"1476","Il2","Gype"
"1477","Il2","Il2ra"
"1478","Il2","Il2rb"
"1479","Il2","Il2rg"
"1480","Il2","Ngfr"
"1481","Il31","Il31ra"
"1482","Il31","Osmr"
"1483","Il34","Csf1r"
"1484","Il3","Csf2rb"
"1485","Il3","Il3ra"
"1486","Il4","Cd53"
"1487","Il4","Il13ra1"
"1488","Il4","Il13ra2"
"1489","Il4","Il2rg"
"1490","Il4","Il4ra"
"1491","Il5","Csf2rb"
"1492","Il5","Il5ra"
"1493","Il6","F3"
"1494","Il6","Il6ra"
"1495","Il6","Il6st"
"1496","Il7","Il2rg"
"1497","Il7","Il7r"
"1498","Il8","Cd79a"
"1499","Il8","Cxcr1"
"1500","Il8","Cxcr1"
"1501","Il8","Darc"
"1502","Il8","Kdr"
"1503","Il8","Sdc1"
"1504","Il8","Sdc2"
"1505","Il8","Sdc3"
"1506","Il9","Il2rg"
"1507","Il9","Il9r"
"1508","Inha","Acvr1"
"1509","Inha","Acvr1b"
"1510","Inha","Acvr2a"
"1511","Inha","Acvr2b"
"1512","Inha","Tgfbr3"
"1513","Inhba","Acvr1"
"1514","Inhba","Acvr1b"
"1515","Inhba","Acvr2a"
"1516","Inhba","Acvr2b"
"1517","Inhba","Bambi"
"1518","Inhba","Eng"
"1519","Inhba","Tgfbr3"
"1520","Inhbb","Acvr1"
"1521","Inhbb","Acvr1b"
"1522","Inhbb","Acvr1c"
"1523","Inhbb","Acvr2a"
"1524","Inhbb","Acvr2b"
"1525","Inhbc","Acvr1"
"1526","Inhbc","Acvr1b"
"1527","Inhbc","Acvr2a"
"1528","Inhbc","Acvr2b"
"1529","Inhbe","Acvr1"
"1530","Inhbe","Acvr1b"
"1531","Inhbe","Acvr2a"
"1532","Inhbe","Eng"
"1533","Insl3","Rxfp2"
"1534","Insl5","Rxfp3"
"1535","Insl5","Rxfp4"
"1536","Ins","Igf1r"
"1537","Ins","Insr"
"1538","Ins","Lrp2"
"1539","Itgb3bp","Itgb3"
"1540","Itgb3bp","Itgb5"
"1541","Itih2","Fcer1a"
"1542","Jag1","Notch1"
"1543","Jag1","Notch2"
"1544","Jag1","Notch3"
"1545","Jag1","Notch4"
"1546","Jag2","Notch1"
"1547","Jag2","Notch2"
"1548","Jag2","Notch3"
"1549","Jag2","Notch4"
"1550","Kal1","Fgfr1"
"1551","Kal1","Sdc2"
"1552","Kiss1","Kiss1r"
"1553","Kiss1","Mmp24"
"1554","Kitl","Epor"
"1555","Kitl","Kit"
"1556","Klk3","Epor"
"1557","Kng1","Bdkrb1"
"1558","Kng1","Bdkrb2"
"1559","Kng1","Cd93"
"1560","Kng1","Gp1ba"
"1561","Kng1","Gpr135"
"1562","Kng1","Itgam"
"1563","Kng1","Itgb2"
"1564","Kng1","Plaur"
"1565","Kng1","Rxfp4"
"1566","Kng1","Sdc2"
"1567","Krtap4-12","Aqp1"
"1568","Krtap4-12","Catsper1"
"1569","Krtap4-12","Cldn2"
"1570","Krtap4-12","Cntfr"
"1571","Krtap4-12","Dlk2"
"1572","Krtap4-12","Lingo1"
"1573","Krtap4-12","Pdgfrb"
"1574","Krtap4-12","Plscr4"
"1575","L1cam","Cntn1"
"1576","L1cam","Egfr"
"1577","L1cam","Ephb2"
"1578","L1cam","Erbb2"
"1579","L1cam","Erbb3"
"1580","L1cam","Fgfr2"
"1581","L1cam","Itga5"
"1582","L1cam","Itgav"
"1583","Lacrt","Sdc1"
"1584","Lama1","Gpc1"
"1585","Lama1","Itga1"
"1586","Lama1","Itga2"
"1587","Lama1","Itga3"
"1588","Lama1","Itga6"
"1589","Lama1","Itga7"
"1590","Lama1","Itgb1"
"1591","Lama1","Itgb4"
"1592","Lama1","Itgb8"
"1593","Lama1","Nt5e"
"1594","Lama1","Rpsa"
"1595","Lama1","Sdc2"
"1596","Lama1","Sdc4"
"1597","Lama1","Tmprss6"
"1598","Lama2","Itga1"
"1599","Lama2","Itga2"
"1600","Lama2","Itga3"
"1601","Lama2","Itga6"
"1602","Lama2","Itga7"
"1603","Lama2","Itgb1"
"1604","Lama2","Itgb4"
"1605","Lama2","Rpsa"
"1606","Lama3","Sdc2"
"1607","Lama4","Itga3"
"1608","Lama4","Itga6"
"1609","Lama4","Itgav"
"1610","Lama4","Itgb1"
"1611","Lama5","Bcam"
"1612","Lama5","Itga2"
"1613","Lama5","Itga3"
"1614","Lama5","Itga6"
"1615","Lama5","Itgb1"
"1616","Lama5","Itgb4"
"1617","Lama5","Sdc1"
"1618","Lamb1","Itga1"
"1619","Lamb1","Itga2"
"1620","Lamb1","Itga3"
"1621","Lamb1","Itga6"
"1622","Lamb1","Itga7"
"1623","Lamb1","Itgav"
"1624","Lamb1","Itgb1"
"1625","Lamb1","Itgb4"
"1626","Lamb2","Rpsa"
"1627","Lamb3","Cd151"
"1628","Lamb3","Col17a1"
"1629","Lamb3","Itga2"
"1630","Lamb3","Itga3"
"1631","Lamb3","Itga6"
"1632","Lamb3","Itgb1"
"1633","Lamb3","Itgb4"
"1634","Lamc1","Itga1"
"1635","Lamc1","Itga2"
"1636","Lamc1","Itga3"
"1637","Lamc1","Itga6"
"1638","Lamc1","Itga7"
"1639","Lamc1","Itgav"
"1640","Lamc1","Itgb1"
"1641","Lamc1","Itgb4"
"1642","Lamc2","Cd151"
"1643","Lamc2","Col17a1"
"1644","Lamc2","Itga2"
"1645","Lamc2","Itga3"
"1646","Lamc2","Itga6"
"1647","Lamc2","Itgb1"
"1648","Lamc2","Itgb4"
"1649","Lamc3","Itga2"
"1650","Lamc3","Itga3"
"1651","Lamc3","Itga6"
"1652","Lamc3","Itgb1"
"1653","Lamc3","Itgb4"
"1654","Lcn1","Lmbr1l"
"1655","Lcn2","Lrp2"
"1656","Lefty2","Acvr2b"
"1657","Lep","Lepr"
"1658","Lep","Lrp2"
"1659","Lgals3bp","Itgb1"
"1660","Lgals3bp","Vangl1"
"1661","Lhb","Lhcgr"
"1662","Lif","Il6st"
"1663","Lif","Lifr"
"1664","Lin7c","Abca1"
"1665","Lin7c","Htr2c"
"1666","Lin7c","Kcnj4"
"1667","Lipc","Lrp1"
"1668","Liph","Lpar1"
"1669","Liph","Lpar2"
"1670","Liph","Lpar4"
"1671","Lpa","Itgam"
"1672","Lpa","Itgb2"
"1673","Lpa","Lrp2"
"1674","Lpl","Cd44"
"1675","Lpl","Gpihbp1"
"1676","Lpl","Lrp1"
"1677","Lpl","Lrp2"
"1678","Lpl","Sdc1"
"1679","Lpl","Vldlr"
"1680","Lrp1b","Plaur"
"1681","Lrpap1","Ldlr"
"1682","Lrpap1","Lrp1"
"1683","Lrpap1","Lrp2"
"1684","Lrpap1","Lrp8"
"1685","Lrpap1","Sorl1"
"1686","Lrpap1","Sort1"
"1687","Lrpap1","Vldlr"
"1688","Lta","Cachd1"
"1689","Lta","Ednra"
"1690","Lta","Ltbr"
"1691","Lta","Tnfrsf14"
"1692","Lta","Tnfrsf1a"
"1693","Lta","Tnfrsf1b"
"1694","Ltbp1","Itgb5"
"1695","Ltbp3","Itgb5"
"1696","Ltb","Cd40"
"1697","Ltb","Ltbr"
"1698","Ltb","Tnfrsf1a"
"1699","Ltf","Gp9"
"1700","Ltf","Gpr162"
"1701","Ltf","Lrp1"
"1702","Ltf","Lrp11"
"1703","Ltf","Tfrc"
"1704","Ly6g5c","Tmem8"
"1705","Ly86","Cd180"
"1706","Lypd3","Agr2"
"1707","Lyz","Itgal"
"1708","Madcam1","Cd44"
"1709","Madcam1","Itga4"
"1710","Madcam1","Itgb7"
"1711","Matn1","Itga1"
"1712","Matn1","Itgb1"
"1713","Matn1","Ptprd"
"1714","Mbl2","Calcr"
"1715","Mbl2","Cd93"
"1716","Mdk","Alk"
"1717","Mdk","Gpc2"
"1718","Mdk","Itga4"
"1719","Mdk","Itga6"
"1720","Mdk","Itgb1"
"1721","Mdk","Lrp1"
"1722","Mdk","Lrp2"
"1723","Mdk","Ptprb"
"1724","Mdk","Ptprz1"
"1725","Mdk","Sdc1"
"1726","Mdk","Sdc3"
"1727","Mdk","Sdc4"
"1728","Mdk","Tspan1"
"1729","Mepe","Phex"
"1730","Mfap2","Notch1"
"1731","Mfap5","Notch1"
"1732","Mfge8","Itgav"
"1733","Mfge8","Itgb3"
"1734","Mfge8","Pdgfrb"
"1735","Mfi2","Tfrc"
"1736","Mfng","Notch1"
"1737","Mfng","Notch2"
"1738","Mia","Cdh19"
"1739","Mia","Cdh7"
"1740","Mllt4","Epha7"
"1741","Mllt4","Ephb2"
"1742","Mllt4","Ephb3"
"1743","Mllt4","Ephb6"
"1744","Mllt4","F11r"
"1745","Mllt4","Nrxn2"
"1746","Mllt4","Nrxn3"
"1747","Mllt4","Pvrl1"
"1748","Mllt4","Pvrl2"
"1749","Mllt4","Pvrl3"
"1750","Mllt4","Pvrl4"
"1751","Mln","Mlnr"
"1752","Mmp12","Plaur"
"1753","Mmp13","Lrp1"
"1754","Mmp1","Cd44"
"1755","Mmp1","Itga2"
"1756","Mmp2","Sdc2"
"1757","Mmp7","Cd151"
"1758","Mmp7","Cd44"
"1759","Mmp7","Cdh6"
"1760","Mmp7","Erbb4"
"1761","Mmp9","Cd44"
"1762","Mmp9","Ephb2"
"1763","Mmp9","Itgam"
"1764","Mmp9","Itgb2"
"1765","Mmp9","Lrp1"
"1766","Mst1","Mst1r"
"1767","Mstn","Acvr2b"
"1768","Muc2","Agr2"
"1769","Muc7","Sell"
"1770","Myoc","Fzd1"
"1771","Myoc","Fzd10"
"1772","Myoc","Fzd3"
"1773","Myoc","Fzd4"
"1774","Myoc","Fzd7"
"1775","Nampt","Insr"
"1776","Ncam1","Cacna1c"
"1777","Ncam1","Fgfr1"
"1778","Ncam1","Fgfr2"
"1779","Ncam1","Gfra1"
"1780","Ncam1","Ptpra"
"1781","Ncam1","Robo1"
"1782","Ncam1","Robo3"
"1783","Ncan","Cdh2"
"1784","Ncan","Sdc3"
"1785","Ndp","Fzd4"
"1786","Ndp","Lgr4"
"1787","Ngf","Kidins220"
"1788","Ngf","Maged1"
"1789","Ngf","Ngfr"
"1790","Ngf","Ngfrap1"
"1791","Ngf","Ntrk1"
"1792","Ngf","Sorcs3"
"1793","Ngf","Sort1"
"1794","Nid1","Col13a1"
"1795","Nid1","Itga3"
"1796","Nid1","Itgav"
"1797","Nid1","Itgb1"
"1798","Nid1","Itgb3"
"1799","Nid1","Ptprf"
"1800","Nid2","Col13a1"
"1801","Nlgn1","Nrxn1"
"1802","Nlgn1","Nrxn2"
"1803","Nlgn1","Nrxn3"
"1804","Nlgn2","Nrxn1"
"1805","Nlgn2","Nrxn2"
"1806","Nlgn2","Nrxn3"
"1807","Nlgn3","Nrxn1"
"1808","Nlgn3","Nrxn2"
"1809","Nlgn3","Nrxn3"
"1810","Nmb","Brs3"
"1811","Nmb","Grpr"
"1812","Nmb","Nmbr"
"1813","Nms","Nmur1"
"1814","Nms","Nmur2"
"1815","Nmu","Nmur1"
"1816","Nmu","Nmur2"
"1817","Nodal","Acvr1b"
"1818","Nodal","Acvr1c"
"1819","Nodal","Acvr2a"
"1820","Nodal","Acvr2b"
"1821","Nov","Notch1"
"1822","Nov","Plxna1"
"1823","Npb","Npbwr1"
"1824","Npb","Npbwr2"
"1825","Npff","Npffr1"
"1826","Npff","Npffr2"
"1827","Npnt","Itga8"
"1828","Npnt","Itgb1"
"1829","Nppa","Npr1"
"1830","Nppa","Npr3"
"1831","Nppb","Npr1"
"1832","Nppb","Npr2"
"1833","Nppb","Npr3"
"1834","Nppc","Npr2"
"1835","Nppc","Npr3"
"1836","Nps","Npsr1"
"1837","Npvf","Npffr1"
"1838","Npvf","Npffr2"
"1839","Npw","Npbwr1"
"1840","Npw","Npbwr2"
"1841","Npy","Fap"
"1842","Npy","Mc4r"
"1843","Npy","Npffr2"
"1844","Npy","Npy1r"
"1845","Npy","Npy2r"
"1846","Npy","Npy4r"
"1847","Npy","Npy5r"
"1848","Npy","Prlhr"
"1849","Nrg1","Erbb2"
"1850","Nrg1","Erbb3"
"1851","Nrg1","Erbb4"
"1852","Nrg1","Gpc1"
"1853","Nrg2","Erbb2"
"1854","Nrg2","Erbb3"
"1855","Nrg2","Erbb4"
"1856","Nrg3","Erbb4"
"1857","Nrg4","Egfr"
"1858","Nrg4","Erbb2"
"1859","Nrg4","Erbb4"
"1860","Nrtn","Gfra1"
"1861","Nrtn","Gfra2"
"1862","Nrtn","Ret"
"1863","Ntf3","Ngfr"
"1864","Ntf3","Ntrk1"
"1865","Ntf3","Ntrk2"
"1866","Ntf3","Ntrk3"
"1867","Ntf5","Ngfr"
"1868","Ntf5","Ngfrap1"
"1869","Ntf5","Ntrk1"
"1870","Ntf5","Ntrk2"
"1871","Ntf5","Ntrk3"
"1872","Ntn1","Adora2b"
"1873","Ntn1","Dcc"
"1874","Ntn1","Neo1"
"1875","Ntn1","Unc5a"
"1876","Ntn1","Unc5b"
"1877","Ntn1","Unc5c"
"1878","Ntn1","Unc5d"
"1879","Tbc1d24","Cdon"
"1880","Tbc1d24","Neo1"
"1881","Ntn4","Dcc"
"1882","Ntn4","Unc5a"
"1883","Ntng1","Lrrc4c"
"1884","Ntng2","Lrrc4"
"1885","Ntng2","Lrrc4c"
"1886","Nts","Ngfr"
"1887","Nts","Ntsr1"
"1888","Nts","Ntsr2"
"1889","Nts","Sort1"
"1890","Nucb2","Erap1"
"1891","Nxph1","Nrxn1"
"1892","Nxph1","Nrxn2"
"1893","Nxph1","Nrxn3"
"1894","Nxph2","Nrxn1"
"1895","Nxph3","Nrxn1"
"1896","Nxph3","Nrxn2"
"1897","Nxph3","Nrxn3"
"1898","Obp2a","Or1g1"
"1899","Olah","Mog"
"1900","Olfm2","Robo2"
"1901","Omg","Lingo1"
"1902","Omg","Ngfr"
"1903","Omg","Rtn4r"
"1904","Omg","Rtn4rl1"
"1905","Omg","Tnfrsf1b"
"1906","Orm1","Ccr5"
"1907","Osm","Il6st"
"1908","Osm","Lifr"
"1909","Osm","Osmr"
"1910","Ostn","Npr3"
"1911","Oxt","Avpr1a"
"1912","Oxt","Avpr1b"
"1913","Oxt","Avpr2"
"1914","Oxt","Oxtr"
"1915","P4hb","Gpr162"
"1916","Papln","Pvrl4"
"1917","Papln","Sirpa"
"1918","Pcsk9","Vldlr"
"1919","Pdap1","Pdgfrb"
"1920","Pdgfa","Pdgfra"
"1921","Pdgfa","Pdgfrb"
"1922","Pdgfb","Art1"
"1923","Pdgfb","Itgav"
"1924","Pdgfb","Lrp1"
"1925","Pdgfb","Pdgfra"
"1926","Pdgfb","Pdgfrb"
"1927","Pdgfb","S1pr1"
"1928","Pdgfc","Flt1"
"1929","Pdgfc","Flt4"
"1930","Pdgfc","Kdr"
"1931","Pdgfc","Pdgfra"
"1932","Pdgfc","Pdgfrb"
"1933","Pdgfd","Pdgfra"
"1934","Pdgfd","Pdgfrb"
"1935","Pdx1","Slc2a2"
"1936","Pdyn","Oprd1"
"1937","Pdyn","Oprk1"
"1938","Pdyn","Oprm1"
"1939","Penk","Mrgprx1"
"1940","Penk","Ogfr"
"1941","Penk","Oprd1"
"1942","Penk","Oprk1"
"1943","Penk","Oprm1"
"1944","Pf4","Cxcr3"
"1945","Pf4","Fgfr2"
"1946","Pf4","Ldlr"
"1947","Pf4","Procr"
"1948","Pf4","Sdc2"
"1949","Pf4","Thbd"
"1950","Pgf","Flt1"
"1951","Pgf","Nrp1"
"1952","Pgf","Nrp2"
"1953","Pi3","Pld2"
"1954","Pigf","Flt1"
"1955","Pip","Cd4"
"1956","Pip","Nptn"
"1957","Pkm","Cd44"
"1958","Pla2g10","Pla2r1"
"1959","Plat","Itgam"
"1960","Plat","Itgb2"
"1961","Plat","Lrp1"
"1962","Plau","Igf2r"
"1963","Plau","Itga3"
"1964","Plau","Itga5"
"1965","Plau","Itgam"
"1966","Plau","Itgav"
"1967","Plau","Itgb1"
"1968","Plau","Itgb2"
"1969","Plau","Itgb5"
"1970","Plau","Lrp1"
"1971","Plau","Lrp2"
"1972","Plau","Mrc2"
"1973","Plau","Plaur"
"1974","Plau","St14"
"1975","Plau","Vldlr"
"1976","Plg","F2r"
"1977","Plg","F2rl1"
"1978","Plg","F3"
"1979","Plg","Flt1"
"1980","Plg","Itga9"
"1981","Plg","Itgam"
"1982","Plg","Itgb1"
"1983","Plg","Itgb2"
"1984","Plg","Plaur"
"1985","Plg","Plgrkt"
"1986","Pltp","Abca1"
"1987","Pmch","Mchr1"
"1988","Pmch","Mchr2"
"1989","Pnoc","Oprl1"
"1990","Podxl2","Sell"
"1991","Podxl","Sell"
"1992","Pomc","Mc1r"
"1993","Pomc","Mc2r"
"1994","Pomc","Mc3r"
"1995","Pomc","Mc4r"
"1996","Pomc","Mc5r"
"1997","Pomc","Oprd1"
"1998","Pomc","Oprk1"
"1999","Pomc","Oprm1"
"2000","Pon2","Htr2a"
"2001","Ppbp","Cxcr1"
"2002","Ppbp","Cxcr1"
"2003","Ppbp","Darc"
"2004","Ppy","Npy1r"
"2005","Ppy","Npy2r"
"2006","Ppy","Npy4r"
"2007","Ppy","Npy5r"
"2008","Prlh","Prlhr"
"2009","Prl","Prlr"
"2010","Prnd","Rpsa"
"2011","Proc","Itgam"
"2012","Proc","Itgb2"
"2013","Proc","Procr"
"2014","Proc","Thbd"
"2015","Prok1","Prokr1"
"2016","Prok1","Prokr2"
"2017","Prok2","Prokr1"
"2018","Prok2","Prokr2"
"2019","Pros1","Axl"
"2020","Pros1","Tyro3"
"2021","Prss23","Tmem222"
"2022","Psap","Cd1b"
"2023","Psap","Celsr1"
"2024","Psap","Gpr37"
"2025","Psap","Gpr37l1"
"2026","Psap","Lrp1"
"2027","Psap","Sort1"
"2028","Psen1","Cd44"
"2029","Psen1","Ncstn"
"2030","Psen1","Notch1"
"2031","Psen1","Notch2"
"2032","Psen1","Notch3"
"2033","Psen1","Notch4"
"2034","Pspn","Gfra1"
"2035","Pspn","Gfra4"
"2036","Pspn","Ret"
"2037","Pspn","Sdc3"
"2038","Ptdss1","Jmjd6"
"2039","Ptdss1","Scarb1"
"2040","Ptgs2","Alox5"
"2041","Ptgs2","Cav1"
"2042","Ptgs2","Ptgdr2"
"2043","Pth2","Pth1r"
"2044","Pth2","Pth2r"
"2045","Pthlh","Prlhr"
"2046","Pthlh","Pth1r"
"2047","Pthlh","Pth2r"
"2048","Pth","Pth1r"
"2049","Pth","Pth2r"
"2050","Ptma","Vipr1"
"2051","Ptn","Alk"
"2052","Ptn","Cdh10"
"2053","Ptn","Plxnb2"
"2054","Ptn","Ptprb"
"2055","Ptn","Ptprs"
"2056","Ptn","Ptprz1"
"2057","Ptn","Sdc1"
"2058","Ptn","Sdc3"
"2059","Pyy","Fap"
"2060","Pyy","Npy1r"
"2061","Pyy","Npy2r"
"2062","Pyy","Npy4r"
"2063","Pyy","Npy5r"
"2064","Qdpr","Dysf"
"2065","Qrfp","P2ry14"
"2066","Qrfp","Qrfpr"
"2067","Raet1e","Klrk1"
"2068","Rarres2","Ccrl2"
"2069","Rarres2","Cmklr1"
"2070","Rarres2","Gpr1"
"2071","Rbp3","Notch1"
"2072","Rbp4","Stra6"
"2073","Reln","Itga3"
"2074","Reln","Itgb1"
"2075","Reln","Lrp8"
"2076","Reln","Vldlr"
"2077","Ren1","Asic3"
"2078","Ren1","Atp6ap2"
"2079","Rgma","Bmpr1b"
"2080","Rgma","Bmpr2"
"2081","Rgma","Hfe2"
"2082","Rgma","Neo1"
"2083","Rgmb","Bmpr1b"
"2084","Rgmb","Bmpr2"
"2085","Rgmb","Hfe2"
"2086","Rgmb","Neo1"
"2087","Rims1","Cacna1c"
"2088","Rims1","Slc17a7"
"2089","Rims1","Slc18a2"
"2090","Rims1","Slc18a3"
"2091","Rims2","Abca1"
"2092","Rln1","Rxfp1"
"2093","Rln1","Rxfp2"
"2094","Rln2","Rxfp1"
"2095","Rln2","Rxfp2"
"2096","Rln3","Rxfp1"
"2097","Rln3","Rxfp2"
"2098","Rln3","Rxfp3"
"2099","Rln3","Rxfp4"
"2100","Rnase2","Tlr2"
"2101","Rph3a","Nrxn1"
"2102","Rps19","C5ar1"
"2103","Rspo1","Fzd8"
"2104","Rspo1","Lgr4"
"2105","Rspo1","Lgr5"
"2106","Rspo1","Lgr6"
"2107","Rspo1","Lrp6"
"2108","Rspo1","Znrf3"
"2109","Rspo2","Lgr4"
"2110","Rspo2","Lgr5"
"2111","Rspo2","Lgr6"
"2112","Rspo3","Fzd8"
"2113","Rspo3","Lgr4"
"2114","Rspo3","Lgr5"
"2115","Rspo3","Lgr6"
"2116","Rspo3","Lrp6"
"2117","Rspo3","Sdc4"
"2118","Rspo4","Lgr4"
"2119","Rspo4","Lgr5"
"2120","Rspo4","Lgr6"
"2121","Rtn4","Cntnap1"
"2122","Rtn4","Gjb2"
"2123","Rtn4","Lingo1"
"2124","Rtn4","Ngfr"
"2125","Rtn4","Rtn4r"
"2126","Rtn4","Rtn4rl1"
"2127","Rtn4","Tnfrsf19"
"2128","S100a8","Tlr4"
"2129","S100a9","Tlr4"
"2130","Saa1","Fpr1"
"2131","Saa1","Fpr2"
"2132","Saa1","Scarb1"
"2133","Scgb1a1","Lmbr1l"
"2134","Scgb1a1","Lrp2"
"2135","Scgb3a1","Marco"
"2136","Scgb3a2","Marco"
"2137","Sct","Sctr"
"2138","Sct","Vipr1"
"2139","Sct","Vipr2"
"2140","Selplg","Esam"
"2141","Selplg","Itgam"
"2142","Selplg","Itgb2"
"2143","Selplg","Sele"
"2144","Selplg","Sell"
"2145","Selplg","Selp"
"2146","Sema3a","Nrp1"
"2147","Sema3a","Nrp2"
"2148","Sema3a","Plxna1"
"2149","Sema3a","Plxna2"
"2150","Sema3a","Plxna3"
"2151","Sema3a","Plxna4"
"2152","Sema3b","Nrp1"
"2153","Sema3b","Nrp2"
"2154","Sema3c","Nrp1"
"2155","Sema3c","Nrp2"
"2156","Sema3c","Plxnd1"
"2157","Sema3d","Nrp1"
"2158","Sema3e","Nrp1"
"2159","Sema3e","Plxnd1"
"2160","Sema3f","Nrp1"
"2161","Sema3f","Nrp2"
"2162","Sema3f","Plxna1"
"2163","Sema3f","Plxna3"
"2164","Sema3g","Nrp2"
"2165","Sema4a","Plxnd1"
"2166","Sema4b","Dcbld2"
"2167","Sema4c","Plxnb2"
"2168","Sema4d","Cd72"
"2169","Sema4d","Erbb2"
"2170","Sema4d","Met"
"2171","Sema4d","Plxnb1"
"2172","Sema4d","Plxnb2"
"2173","Sema4f","Nrp2"
"2174","Sema4g","Plxnb2"
"2175","Sema5a","Met"
"2176","Sema5a","Plxnb3"
"2177","Sema6a","Plxna2"
"2178","Sema6a","Plxna4"
"2179","Sema6d","Kdr"
"2180","Sema6d","Plxna1"
"2181","Sema6d","Trem2"
"2182","Sema6d","Tyrobp"
"2183","Sema7a","Itga1"
"2184","Sema7a","Itgb1"
"2185","Sema7a","Plxnc1"
"2186","Serpina1","Lrp1"
"2187","Serpina7","Slc16a2"
"2188","Serpinc1","Gpc1"
"2189","Serpinc1","Lrp1"
"2190","Serpinc1","Sdc2"
"2191","Serpine1","Itgav"
"2192","Serpine1","Itgb5"
"2193","Serpine1","Lrp1"
"2194","Serpine1","Lrp2"
"2195","Serpine1","Plaur"
"2196","Serpine2","Lrp1"
"2197","Serping1","Lrp1"
"2198","Serping1","Sele"
"2199","Serping1","Selp"
"2200","Sfrp1","Fzd2"
"2201","Sfrp1","Fzd6"
"2202","Sftpa1","Tlr2"
"2203","Sftpa2","Cd93"
"2204","Sftpd","Ly96"
"2205","Sftpd","Tlr4"
"2206","Shank1","Abca1"
"2207","Shank1","Bai2"
"2208","Shank1","Lphn1"
"2209","Shank1","Lphn2"
"2210","Shank1","Sstr2"
"2211","Shbg","Cd177"
"2212","Shbg","Cldn4"
"2213","Shbg","Slc37a1"
"2214","Shh","Boc"
"2215","Shh","Cdon"
"2216","Shh","Gpc5"
"2217","Shh","Hhip"
"2218","Shh","Lrp2"
"2219","Shh","Ptch1"
"2220","Shh","Ptch2"
"2221","Shh","Smo"
"2222","Slit1","Gpc1"
"2223","Slit1","Robo1"
"2224","Slit1","Sdc1"
"2225","Slit2","Dcc"
"2226","Slit2","Gpc1"
"2227","Slit2","Robo1"
"2228","Slit2","Robo2"
"2229","Slit2","Robo4"
"2230","Slit2","Sdc1"
"2231","Slit3","Robo2"
"2232","Slpi","Cd4"
"2233","Sorbs1","Insr"
"2234","Sorbs1","Itga1"
"2235","Sorbs1","Itgb5"
"2236","Sost","Lrp5"
"2237","Sost","Lrp6"
"2238","Spink1","Egfr"
"2239","Spink1","Nrsn1"
"2240","Spint1","St14"
"2241","Spon2","Itgam"
"2242","Spon2","Itgb2"
"2243","Spp1","Cd44"
"2244","Spp1","Itga4"
"2245","Spp1","Itga5"
"2246","Spp1","Itga9"
"2247","Spp1","Itgav"
"2248","Spp1","Itgb1"
"2249","Spp1","S1pr1"
"2250","Sst","Sstr1"
"2251","Sst","Sstr2"
"2252","Sst","Sstr3"
"2253","Sst","Sstr4"
"2254","Sst","Sstr5"
"2255","Sytl3","Nrxn1"
"2256","Tac1","Tacr1"
"2257","Tac1","Tacr2"
"2258","Tac1","Tacr3"
"2259","Tac2","Tacr1"
"2260","Tac2","Tacr2"
"2261","Tac2","Tacr3"
"2262","Tac4","Tacr1"
"2263","Tac4","Tacr2"
"2264","Tac4","Tacr3"
"2265","Tcn2","Cnr1"
"2266","Tcn2","Lrp2"
"2267","Tctn1","Tmem67"
"2268","Tdgf1","Acvr1b"
"2269","Tdgf1","Acvr1c"
"2270","Tdgf1","Acvr2a"
"2271","Tdgf1","Acvr2b"
"2272","Tdgf1","Gpc1"
"2273","Tfpi","F3"
"2274","Tfpi","Lrp1"
"2275","Tfpi","Sdc4"
"2276","Tfpi","Vldlr"
"2277","Tf","Gpr162"
"2278","Tf","Tfr2"
"2279","Tf","Tfrc"
"2280","Tgfa","Egfr"
"2281","Tgfa","Erbb2"
"2282","Tgfa","Erbb3"
"2283","Tgfa","Erbb4"
"2284","Tgfb1","Acvrl1"
"2285","Tgfb1","Cav1"
"2286","Tgfb1","Cd109"
"2287","Tgfb1","Cxcr4"
"2288","Tgfb1","Eng"
"2289","Tgfb1","Itgav"
"2290","Tgfb1","Itgb6"
"2291","Tgfb1","Itgb8"
"2292","Tgfb1","Sdc2"
"2293","Tgfb1","Tgfbr1"
"2294","Tgfb1","Tgfbr2"
"2295","Tgfb1","Tgfbr3"
"2296","Tgfb2","Acvr1"
"2297","Tgfb2","Eng"
"2298","Tgfb2","Tgfbr1"
"2299","Tgfb2","Tgfbr2"
"2300","Tgfb2","Tgfbr3"
"2301","Tgfb3","Acvrl1"
"2302","Tgfb3","Eng"
"2303","Tgfb3","Tgfbr1"
"2304","Tgfb3","Tgfbr2"
"2305","Tgfb3","Tgfbr3"
"2306","Tgm2","Gpr56"
"2307","Tgm2","Itga4"
"2308","Tgm2","Itga9"
"2309","Tgm2","Itgb1"
"2310","Tgm2","Itgb3"
"2311","Tgm2","Sdc4"
"2312","Tgm2","Tbxa2r"
"2313","Tg","Asgr1"
"2314","Tg","Lrp2"
"2315","Thbs1","Cd36"
"2316","Thbs1","Cd47"
"2317","Thbs1","Itga2b"
"2318","Thbs1","Itga3"
"2319","Thbs1","Itga4"
"2320","Thbs1","Itga6"
"2321","Thbs1","Itgb1"
"2322","Thbs1","Itgb3"
"2323","Thbs1","Lrp1"
"2324","Thbs1","Lrp5"
"2325","Thbs1","Scarb1"
"2326","Thbs1","Sdc1"
"2327","Thbs1","Sdc4"
"2328","Thbs1","Tnfrsf11b"
"2329","Thbs2","Cd47"
"2330","Thbs2","Itga4"
"2331","Thbs2","Itga6"
"2332","Thbs2","Itgb1"
"2333","Thbs2","Notch3"
"2334","Thbs2","Notch4"
"2335","Thpo","Mpl"
"2336","Thpo","Sirpb1"
"2337","Timp1","Cd63"
"2338","Timp2","Itga3"
"2339","Timp2","Itgb1"
"2340","Timp3","Agtr2"
"2341","Timp3","Kdr"
"2342","Tnc","Cntn1"
"2343","Tnc","Egfr"
"2344","Tnc","Itga2"
"2345","Tnc","Itga5"
"2346","Tnc","Itga7"
"2347","Tnc","Itga8"
"2348","Tnc","Itga9"
"2349","Tnc","Itgav"
"2350","Tnc","Itgb1"
"2351","Tnc","Nt5e"
"2352","Tnc","Ptprb"
"2353","Tnc","Ptprz1"
"2354","Tnc","Sdc1"
"2355","Tnc","Sdc4"
"2356","Tnfsf10","Tnfrsf10a"
"2357","Tnfsf10","Tnfrsf10b"
"2358","Tnfsf10","Tnfrsf10c"
"2359","Tnfsf10","Tnfrsf10d"
"2360","Tnfsf10","Tnfrsf11b"
"2361","Tnfsf11","Tnfrsf11a"
"2362","Tnfsf11","Tnfrsf11b"
"2363","Tnfsf12","Tnfrsf12a"
"2364","Tnfsf12","Tnfrsf25"
"2365","Tnfsf13b","Tnfrsf13b"
"2366","Tnfsf13b","Tnfrsf13c"
"2367","Tnfsf13b","Tnfrsf17"
"2368","Tnfsf13","Fas"
"2369","Tnfsf13","Sdc2"
"2370","Tnfsf13","Tnfrsf11b"
"2371","Tnfsf13","Tnfrsf13b"
"2372","Tnfsf13","Tnfrsf14"
"2373","Tnfsf13","Tnfrsf17"
"2374","Tnfsf13","Tnfrsf1a"
"2375","Tnfsf14","Ltbr"
"2376","Tnfsf14","Tnfrsf14"
"2377","Tnfsf14","Tnfrsf6b"
"2378","Tnfsf15","Tnfrsf25"
"2379","Tnfsf15","Tnfrsf6b"
"2380","Tnfsf18","Tnfrsf18"
"2381","Tnfsf4","Tnfrsf4"
"2382","Tnfsf4","Traf2"
"2383","Tnfsf8","Tnfrsf8"
"2384","Tnfsf9","Tnfrsf9"
"2385","Tnfsf9","Traf2"
"2386","Tnf","Ltbr"
"2387","Tnf","Slc5a11"
"2388","Tnf","Tnfrsf1a"
"2389","Tnf","Tnfrsf1b"
"2390","Tnf","Tnfrsf21"
"2391","Tnf","Traf2"
"2392","Tph1","Htr1a"
"2393","Tph1","Htr1b"
"2394","Tph1","Htr1d"
"2395","Tph1","Htr1e"
"2396","Tph1","Htr1f"
"2397","Tph1","Htr2a"
"2398","Tph1","Htr2b"
"2399","Tph1","Htr2c"
"2400","Tph1","Htr4"
"2401","Tph1","Htr5a"
"2402","Tph1","Htr6"
"2403","Tph1","Htr7"
"2404","Trh","Trhr"
"2405","Tshb","Tshr"
"2406","Tslp","Il7r"
"2407","Gm11808","Acvr1"
"2408","Gm11808","Agtr1"
"2409","Gm11808","Bmpr1b"
"2410","Gm11808","Egfr"
"2411","Gm11808","Erbb2"
"2412","Gm11808","Fshr"
"2413","Gm11808","Notch1"
"2414","Gm11808","Tgfbr1"
"2415","Gm11808","Tgfbr2"
"2416","Ucn2","Crhr1"
"2417","Ucn2","Crhr2"
"2418","Ucn2","Il10rb"
"2419","Ucn3","Crhr1"
"2420","Ucn3","Crhr2"
"2421","Ucn3","Il10rb"
"2422","Ucn","Crhr1"
"2423","Ucn","Crhr2"
"2424","Ulbp2","Klrk1"
"2425","Uts2b","Uts2r"
"2426","Uts2","Uts2r"
"2427","Vasp","Cxcr1"
"2428","Vcam1","Itga4"
"2429","Vcam1","Itga9"
"2430","Vcam1","Itgad"
"2431","Vcam1","Itgb1"
"2432","Vcam1","Itgb2"
"2433","Vcam1","Itgb7"
"2434","Vcan","Cd44"
"2435","Vcan","Egfr"
"2436","Vcan","Itga4"
"2437","Vcan","Itgb1"
"2438","Vcan","Sell"
"2439","Vcan","Selp"
"2440","Vcan","Tlr1"
"2441","Vcan","Tlr2"
"2442","Vegfa","Egfr"
"2443","Vegfa","Ephb2"
"2444","Vegfa","Flt1"
"2445","Vegfa","Gpc1"
"2446","Vegfa","Itga9"
"2447","Vegfa","Itgav"
"2448","Vegfa","Itgb1"
"2449","Vegfa","Kdr"
"2450","Vegfa","Nrp1"
"2451","Vegfa","Nrp2"
"2452","Vegfa","Ret"
"2453","Vegfa","Sirpa"
"2454","Vegfa","Tyro3"
"2455","Vegfb","Flt1"
"2456","Vegfb","Nrp1"
"2457","Vegfb","Ret"
"2458","Vegfb","Tyro3"
"2459","Vegfc","Flt1"
"2460","Vegfc","Flt4"
"2461","Vegfc","Itga9"
"2462","Vegfc","Itgb1"
"2463","Vegfc","Kdr"
"2464","Vegfc","Lyve1"
"2465","Vegfc","Nrp2"
"2466","Vegfc","Vipr2"
"2467","Vim","Cd44"
"2468","Vip","Adcyap1r1"
"2469","Vip","Npr3"
"2470","Vip","Sctr"
"2471","Vip","Vipr1"
"2472","Vip","Vipr2"
"2473","Vtn","Cd47"
"2474","Vtn","Itga2b"
"2475","Vtn","Itga3"
"2476","Vtn","Itga5"
"2477","Vtn","Itga8"
"2478","Vtn","Itgav"
"2479","Vtn","Itgb1"
"2480","Vtn","Itgb3"
"2481","Vtn","Itgb5"
"2482","Vtn","Itgb6"
"2483","Vtn","Itgb8"
"2484","Vtn","Kdr"
"2485","Vtn","Plaur"
"2486","Vtn","Pvr"
"2487","Vtn","Tnfrsf11b"
"2488","Vwf","Gp1ba"
"2489","Vwf","Itga2b"
"2490","Vwf","Selp"
"2491","Vwf","Sirpa"
"2492","Vwf","Tnfrsf11b"
"2493","Wnt11","Fzd7"
"2494","Wnt16","Fzd6"
"2495","Wnt1","Fzd1"
"2496","Wnt1","Fzd3"
"2497","Wnt1","Fzd5"
"2498","Wnt1","Fzd7"
"2499","Wnt1","Fzd8"
"2500","Wnt1","Fzd9"
"2501","Wnt1","Lrp5"
"2502","Wnt1","Lrp6"
"2503","Wnt1","Ryk"
"2504","Wnt2","Fzd1"
"2505","Wnt2","Fzd5"
"2506","Wnt2","Fzd7"
"2507","Wnt2","Fzd8"
"2508","Wnt2","Fzd9"
"2509","Wnt2","Lrp6"
"2510","Wnt3a","Apcdd1"
"2511","Wnt3a","Atp6ap2"
"2512","Wnt3a","Fzd1"
"2513","Wnt3a","Fzd2"
"2514","Wnt3a","Fzd5"
"2515","Wnt3a","Fzd6"
"2516","Wnt3a","Fzd7"
"2517","Wnt3a","Fzd8"
"2518","Wnt3a","Lrp1"
"2519","Wnt3a","Lrp6"
"2520","Wnt3a","Ryk"
"2521","Wnt3","Fzd1"
"2522","Wnt3","Fzd5"
"2523","Wnt3","Fzd7"
"2524","Wnt3","Fzd8"
"2525","Wnt3","Lrp6"
"2526","Wnt3","Ryk"
"2527","Wnt4","Fzd2"
"2528","Wnt4","Fzd6"
"2529","Wnt5a","Fzd1"
"2530","Wnt5a","Fzd2"
"2531","Wnt5a","Fzd4"
"2532","Wnt5a","Fzd5"
"2533","Wnt5a","Fzd6"
"2534","Wnt5a","Fzd7"
"2535","Wnt5a","Fzd8"
"2536","Wnt5a","Lrp5"
"2537","Wnt5a","Mcam"
"2538","Wnt5a","Ror1"
"2539","Wnt5a","Ror2"
"2540","Wnt5a","Ryk"
"2541","Wnt7a","Fzd10"
"2542","Wnt7a","Fzd5"
"2543","Wnt7a","Fzd9"
"2544","Wnt7a","Lrp6"
"2545","Wnt7b","Fzd1"
"2546","Wnt7b","Fzd10"
"2547","Wnt7b","Lrp5"
"2548","Xcl1","Xcr1"
"2549","Xcl2","Xcr1"
"2550","Yars","Cxcr1"
"2551","Zg16b","Cxcr4"
"2552","Zg16b","Tlr2"
"2553","Zg16b","Tlr4"
"2554","Zg16b","Tlr5"
"2555","Zg16b","Tlr6"
"2556","Zp3","Egfr"
"2557","Zp3","Mertk"
"2558","Ccl21a","Ccr7"
"2559","Sirpa","Cd47"
"2560","Ccl6","Ccr1"
"2561","Ccl9","Ccr1"
"2562","Il33","Il1rl1"
