gene,module,length,annotation
1810011O10Rik,8,296,
4833423E24Rik,8,296,
4930503L19Rik,8,296,
Ablim1,8,296,
Acap2,8,296,
Adam15,8,296,
Adcy4,8,296,
Add3,8,296,
Adrb1,8,296,
Amotl1,8,296,
Antxr2,8,296,
Apba2,8,296,
Apbb2,8,296,
Apln,8,296,
Arap2,8,296,
Arap3,8,296,
Arhgap29,8,296,
Arhgap31,8,296,
Arhgef3,8,296,
Arhgef7,8,296,
Arl15,8,296,
Atp2b1,8,296,
BC020535,8,296,
Bcl6b,8,296,
Capn5,8,296,
Car4,8,296,
Card10,8,296,
Carhsp1,8,296,
Cbfa2t3,8,296,
Ccdc85b,8,296,
Ccnd1,8,296,
Cd97,8,296,
Cdc42ep1,8,296,
Cdk14,8,296,
Cdkn1a,8,296,
Cds2,8,296,
Cish,8,296,
Clca1,8,296,
Clec12b,8,296,
Cnn3,8,296,
Col15a1,8,296,
Cpe,8,296,
Csnk1a1,8,296,
Ctnna1,8,296,
Ctnnb1,8,296,
Cxcl12,8,296,
Cxcr7,8,296,
Cyth3,8,296,
Daam1,8,296,
Dach1,8,296,
Dcbld1,8,296,
Ddah1,8,296,
Ddah2,8,296,
Dennd5b,8,296,
Dkk2,8,296,
Dll1,8,296,
Dll4,8,296,
Dnajc8,8,296,
Dock6,8,296,
Dpysl3,8,296,
Dst,8,296,
Dusp3,8,296,
E030010A14Rik,8,296,
Edn1,8,296,
Efnb1,8,296,
Efnb2,8,296,
Ehd1,8,296,
Elk3,8,296,
Eml1,8,296,
Erf,8,296,
Erg,8,296,
Ets1,8,296,
F730043M19Rik,8,296,
Fam117b,8,296,
Fam190a,8,296,
Fam38b,8,296,
Fam55d,8,296,
Fam65a,8,296,
Fam70a,8,296,
Fbln2,8,296,
Fbln5,8,296,
Fermt2,8,296,
Fgfr3,8,296,
Filip1,8,296,
Fli1,8,296,
Fmo1,8,296,
Fnbp1l,8,296,
Foxo1,8,296,
Frmd4a,8,296,
Gbp4,8,296,
Gcc2,8,296,
Gdpd5,8,296,
Gimap1,8,296,
Gimap4,8,296,
Gimap5,8,296,
Gimap6,8,296,
Gimap8,8,296,
Git2,8,296,
Gja4,8,296,
Gja5,8,296,
Gm10397,8,296,
Gm15588,8,296,
Gm3696,8,296,
Gm5069,8,296,
Gm9766,8,296,
Gm9917,8,296,
Gm9946,8,296,
Gna11,8,296,
Gnao1,8,296,
Gng11,8,296,
Gpr182,8,296,
Grp,8,296,
Grrp1,8,296,
Gstm1,8,296,
Hapln1,8,296,
Hdac7,8,296,
Hes1,8,296,
Hey1,8,296,
Hlx,8,296,
Homer3,8,296,
Hook3,8,296,
Hoxa5,8,296,
Hpgd,8,296,
Hsd3b7,8,296,
Hyal2,8,296,
Id1,8,296,
Id3,8,296,
Ifi44,8,296,
Igfbp4,8,296,
Impdh1,8,296,
Inpp5a,8,296,
Insl3,8,296,
Itga2,8,296,
Itpkb,8,296,
Itpripl2,8,296,
Ivns1abp,8,296,
Kif26a,8,296,
Klf2,8,296,
Klf3,8,296,
Klf7,8,296,
L3mbtl3,8,296,
Lgals9,8,296,
Limk2,8,296,
Lims2,8,296,
Lins,8,296,
Lmo2,8,296,
Lrrc8a,8,296,
Lrrc8c,8,296,
Luzp1,8,296,
Lxn,8,296,
Maoa,8,296,
Map3k6,8,296,
Map4k4,8,296,
Map4k5,8,296,
Mapt,8,296,
Marcks,8,296,
Mbnl2,8,296,
Mef2a,8,296,
Meis2,8,296,
Mgll,8,296,
Mkl2,8,296,
Mllt4,8,296,
Mmrn2,8,296,
Mprip,8,296,
Msrb3,8,296,
Mtss1,8,296,
Mxd4,8,296,
Mxra7,8,296,
N4bp3,8,296,
Nav1,8,296,
Nes,8,296,
Nid1,8,296,
Nid2,8,296,
Nin,8,296,
Nipal3,8,296,
Nkd1,8,296,
Nos3,8,296,
Notch1,8,296,
Notch4,8,296,
Npr1,8,296,
Nrarp,8,296,
Nsg1,8,296,
Ntrk2,8,296,
Oaz2,8,296,
Olfml2a,8,296,
Pam,8,296,
Pcdh12,8,296,
Pcdha11,8,296,
Pcdhgc5,8,296,
Pde4b,8,296,
Pea15a,8,296,
Peg3,8,296,
Phldb1,8,296,
Pitpnc1,8,296,
Plcb4,8,296,
Plec,8,296,
Plk2,8,296,
Pls3,8,296,
Plxnd1,8,296,
Ppap2b,8,296,
Ppic,8,296,
Ppp1r2,8,296,
Prdm1,8,296,
Prdm8,8,296,
Prex2,8,296,
Prickle2,8,296,
Prickle3,8,296,
Prkce,8,296,
Prkch,8,296,
Prss23,8,296,
Ptgfrn,8,296,
Ptp4a3,8,296,
Ptprm,8,296,
Ptprr,8,296,
Rapgef3,8,296,
Rapgef5,8,296,
Rasal2,8,296,
Rdx,8,296,
Rgs4,8,296,
Rhoc,8,296,
Rhoj,8,296,
Rnf144a,8,296,
Rras,8,296,
Ryr2,8,296,
Sbf2,8,296,
Sema3c,8,296,
Sema3g,8,296,
Sema6d,8,296,
Serinc3,8,296,
Sgk1,8,296,
Sh3pxd2a,8,296,
Shroom2,8,296,
Slc16a9,8,296,
Slc44a1,8,296,
Slc6a2,8,296,
Slk,8,296,
Smad6,8,296,
Smad7,8,296,
Smarca2,8,296,
Smtn,8,296,
Smurf2,8,296,
Snn,8,296,
Snrk,8,296,
Sox4,8,296,
Sox7,8,296,
Srgap1,8,296,
St6galnac5,8,296,
Stab2,8,296,
Stard4,8,296,
Stard8,8,296,
Stard9,8,296,
Stim2,8,296,
Stmn2,8,296,
Stxbp1,8,296,
Sult1a1,8,296,
Tcf4,8,296,
Tcn2,8,296,
Tecpr1,8,296,
Tenc1,8,296,
Tgfb1i1,8,296,
Thsd7a,8,296,
Tm4sf1,8,296,
Tmcc2,8,296,
Tmcc3,8,296,
Tmem176a,8,296,
Tmem176b,8,296,
Tmem204,8,296,
Tmem44,8,296,
Tmem88,8,296,
Tnfrsf11b,8,296,
Tnfsf10,8,296,
Tpm4,8,296,
Trim47,8,296,
Trp53i11,8,296,
Tsc2,8,296,
Tspan9,8,296,
Ttc28,8,296,
Tuba1a,8,296,
Tubb2a,8,296,
Uchl1,8,296,
Unc45b,8,296,
Ushbp1,8,296,
Vav3,8,296,
Vcl,8,296,
Vegfc,8,296,
Vwf,8,296,
Wnt9b,8,296,
Xiap,8,296,
Zbtb20,8,296,
Zbtb4,8,296,
Zbtb46,8,296,
Zeb1,8,296,
Zfp503,8,296,
Zfp608,8,296,
Zfp641,8,296,
Zfp704,8,296,
2310001H17Rik,11,150,
2310014H01Rik,11,150,
2810474O19Rik,11,150,
4933407C03Rik,11,150,
5830416P10Rik,11,150,
A430104N18Rik,11,150,
Adam19,11,150,
Adam8,11,150,
Adipor1,11,150,
Amica1,11,150,
Arg2,11,150,
Arid5a,11,150,
Arrb2,11,150,
Asprv1,11,150,
Bcl6,11,150,
Bst1,11,150,
Btg1,11,150,
Btg2,11,150,
C5ar1,11,150,
Ccpg1,11,150,
Ccr1,11,150,
Ccrl2,11,150,
Cd14,11,150,
Cd244,11,150,
Cd300lb,11,150,
Cd300ld,11,150,
Cd300lf,11,150,
Cd33,11,150,
Cd84,11,150,
Clec4d,11,150,
Csf1,11,150,
Csf3r,11,150,
Csrnp1,11,150,
Cxcl2,11,150,
Cxcl3,11,150,
Cxcr2,11,150,
Cxcr4,11,150,
Dhrs9,11,150,
Dusp1,11,150,
Egr1,11,150,
F630028O10Rik,11,150,
Fam101b,11,150,
Fbxl5,11,150,
Fgd3,11,150,
Fgl2,11,150,
Fos,11,150,
Fosl2,11,150,
G0s2,11,150,
Gadd45a,11,150,
Gadd45b,11,150,
Gcnt2,11,150,
Gda,11,150,
Glipr1,11,150,
Glipr2,11,150,
Gm11428,11,150,
Gm15832,11,150,
Gm17311,11,150,
Gm5416,11,150,
Gp49a,11,150,
Gpcpd1,11,150,
Grina,11,150,
H2-Q10,11,150,
Hdc,11,150,
Hmha1,11,150,
Hp,11,150,
Ier2,11,150,
Ier3,11,150,
Ier5,11,150,
Ifitm1,11,150,
Ifitm2,11,150,
Il18rap,11,150,
Il1b,11,150,
Il1f9,11,150,
Il1r2,11,150,
Il1rn,11,150,
Irg1,11,150,
Jhdm1d,11,150,
Junb,11,150,
Kctd12,11,150,
Lilrb4,11,150,
Litaf,11,150,
Lpcat2,11,150,
Lrg1,11,150,
Lyst,11,150,
Mcl1,11,150,
Mxd1,11,150,
Myadm,11,150,
Nfkbia,11,150,
Nfkbid,11,150,
Nfkbiz,11,150,
Niacr1,11,150,
Ninj1,11,150,
Nlrp12,11,150,
Nlrp3,11,150,
Nr4a1,11,150,
Nudt4,11,150,
Ogfrl1,11,150,
Osm,11,150,
Pi16,11,150,
Picalm,11,150,
Pim1,11,150,
Pira5,11,150,
Plek,11,150,
Pnpla7,11,150,
Ptafr,11,150,
Ptgs2,11,150,
Rab20,11,150,
Rab44,11,150,
Rara,11,150,
Rasgrp4,11,150,
Rassf5,11,150,
Rcsd1,11,150,
Rdh12,11,150,
Rnf149,11,150,
Sell,11,150,
Selplg,11,150,
Sema4a,11,150,
Sfxn5,11,150,
Slc16a3,11,150,
Slc2a3,11,150,
Slc40a1,11,150,
Slc7a11,11,150,
Slfn1,11,150,
Slfn4,11,150,
Slpi,11,150,
Smap2,11,150,
Socs3,11,150,
Sorl1,11,150,
Srgn,11,150,
Ssh2,11,150,
St3gal6,11,150,
Steap4,11,150,
Stk17b,11,150,
Stx11,11,150,
Sykb,11,150,
Thbs1,11,150,
Tmem154,11,150,
Tmem71,11,150,
Tnf,11,150,
Tnfaip2,11,150,
Tnfsf14,11,150,
Tpd52,11,150,
Trem1,11,150,
Trib1,11,150,
Trim30a,11,150,
Trim30b,11,150,
Trim30d,11,150,
Ubb,11,150,
Zfp36,11,150,
Zyx,11,150,
1110050K14Rik,4,129,
4931406P16Rik,4,129,
9430020K01Rik,4,129,
Ace,4,129,
Acer2,4,129,
Acvrl1,4,129,
Afap1l1,4,129,
Ahr,4,129,
Aplnr,4,129,
Aqp1,4,129,
Arhgef12,4,129,
Arhgef15,4,129,
Armcx4,4,129,
BC028528,4,129,
Bmpr2,4,129,
Btbd3,4,129,
Calcrl,4,129,
Caskin2,4,129,
Casz1,4,129,
Cav1,4,129,
Cav2,4,129,
Cd200,4,129,
Cd34,4,129,
Cd36,4,129,
Cd93,4,129,
Cdh5,4,129,
Cldn5,4,129,
Clec14a,4,129,
Clec1a,4,129,
Clic4,4,129,
Col4a1,4,129,
Col4a2,4,129,
Crip2,4,129,
Ctla2a,4,129,
Cxx1b,4,129,
Cyp4b1,4,129,
Cyyr1,4,129,
Dlc1,4,129,
Dok4,4,129,
Ece1,4,129,
Ecscr,4,129,
Ednrb,4,129,
Egfl7,4,129,
Ehd2,4,129,
Ehd4,4,129,
Eltd1,4,129,
Emcn,4,129,
Emp1,4,129,
Eng,4,129,
Epas1,4,129,
Esam,4,129,
Fgd5,4,129,
Fkbp1a,4,129,
Flt1,4,129,
Foxp1,4,129,
Gcom1,4,129,
Gpihbp1,4,129,
Gpr116,4,129,
Hecw2,4,129,
Heg1,4,129,
Hspa12b,4,129,
Icam2,4,129,
Itga6,4,129,
Itgb1,4,129,
Jam2,4,129,
Kank3,4,129,
Kdr,4,129,
Kit,4,129,
Kitl,4,129,
Klf4,4,129,
Klhl5,4,129,
Ldb2,4,129,
Lphn2,4,129,
Ly6a,4,129,
Ly6c1,4,129,
Lyve1,4,129,
Mcam,4,129,
Mest,4,129,
Mid2,4,129,
Myct1,4,129,
Nostrin,4,129,
Nrp1,4,129,
Pcdh1,4,129,
Pcdh17,4,129,
Pecam1,4,129,
Plvap,4,129,
Podxl,4,129,
Ppap2a,4,129,
Ppp1r16b,4,129,
Prickle1,4,129,
Prx,4,129,
Ptprb,4,129,
Ptprg,4,129,
Ptrf,4,129,
Ramp2,4,129,
Rasgrp3,4,129,
Rasip1,4,129,
Rgs12,4,129,
Ripply3,4,129,
Robo4,4,129,
S100a16,4,129,
S1pr1,4,129,
Scn3b,4,129,
Scn7a,4,129,
Sdpr,4,129,
Sema3f,4,129,
Sema6a,4,129,
Sema7a,4,129,
She,4,129,
Slc43a3,4,129,
Slc9a3r2,4,129,
Slco2a1,4,129,
Sox17,4,129,
Sox18,4,129,
Sparc,4,129,
Sparcl1,4,129,
Spna2,4,129,
Spnb2,4,129,
Tbx3,4,129,
Tek,4,129,
Thbd,4,129,
Tie1,4,129,
Tjp1,4,129,
Tmem100,4,129,
Tmem2,4,129,
Trib2,4,129,
Tspan13,4,129,
Tspan18,4,129,
Tspan7,4,129,
0610010O12Rik,1,123,
1190002H23Rik,1,123,
1700029G01Rik,1,123,
2900073G15Rik,1,123,
A930038C07Rik,1,123,
AA986860,1,123,
Actn4,1,123,
Ager,1,123,
Agrn,1,123,
Ahnak,1,123,
Akap2,1,123,
Akap5,1,123,
Akr1c14,1,123,
Alcam,1,123,
Ano1,1,123,
Anxa3,1,123,
Aplp2,1,123,
App,1,123,
Aqp5,1,123,
Atp1b1,1,123,
Atp6v0a4,1,123,
Bcam,1,123,
Bsg,1,123,
Cadm1,1,123,
Cdh1,1,123,
Cdkn2b,1,123,
Chpt1,1,123,
Cldn18,1,123,
Cldn3,1,123,
Clic3,1,123,
Clic5,1,123,
Col4a3,1,123,
Col4a4,1,123,
Crlf1,1,123,
Cryab,1,123,
Ctdspl,1,123,
Ctsh,1,123,
Cxadr,1,123,
Dag1,1,123,
Dpysl2,1,123,
Edn3,1,123,
Emp2,1,123,
Errfi1,1,123,
F11r,1,123,
F3,1,123,
Fads3,1,123,
Fam174b,1,123,
Fam189a2,1,123,
Flrt3,1,123,
Galntl4,1,123,
Gde1,1,123,
Gipc2,1,123,
Gja1,1,123,
Gprc5a,1,123,
Gramd2,1,123,
Hopx,1,123,
Hs2st1,1,123,
Icam1,1,123,
Igfbp6,1,123,
Igfbp7,1,123,
Irx1,1,123,
Irx2,1,123,
Itgb6,1,123,
Krt18,1,123,
Krt19,1,123,
Krt7,1,123,
Krt8,1,123,
Lama3,1,123,
Lamc2,1,123,
Lmo7,1,123,
Mal,1,123,
Mal2,1,123,
Mmp11,1,123,
Msln,1,123,
Myh14,1,123,
Ndst1,1,123,
Nkx2-1,1,123,
Npnt,1,123,
Pard6b,1,123,
Pde7a,1,123,
Pdgfa,1,123,
Pdpn,1,123,
Pmp22,1,123,
Pmvk,1,123,
Ppl,1,123,
Prdx6,1,123,
Ptprf,1,123,
Pvrl3,1,123,
Qk,1,123,
Rab25,1,123,
Rtkn2,1,123,
S100a14,1,123,
Scd2,1,123,
Scnn1a,1,123,
Scnn1b,1,123,
Scnn1g,1,123,
Sdc1,1,123,
Sec14l3,1,123,
Selenbp1,1,123,
Sema3a,1,123,
Sema3e,1,123,
Serpinb6b,1,123,
Slc39a8,1,123,
Slc6a14,1,123,
Slco3a1,1,123,
Sod1,1,123,
Spint2,1,123,
Spock2,1,123,
Timp3,1,123,
Tinagl1,1,123,
Tjp2,1,123,
Tmem213,1,123,
Tmem37,1,123,
Tmprss2,1,123,
Trim16,1,123,
Tspan15,1,123,
Tspan2,1,123,
Tspan8,1,123,
Vegfa,1,123,
Wdr45,1,123,
Wfdc1,1,123,
Wwp1,1,123,
Wwtr1,1,123,
1810033B17Rik,9,112,
4632428N05Rik,9,112,
AB124611,9,112,
Actr3,9,112,
Adrbk1,9,112,
Alox5ap,9,112,
Anxa1,9,112,
Ap1s2,9,112,
Apbb1ip,9,112,
Arhgap30,9,112,
Arhgap9,9,112,
Arhgdib,9,112,
Arid3a,9,112,
Arpc5,9,112,
B2m,9,112,
BC013712,9,112,
C130050O18Rik,9,112,
Cd300a,9,112,
Cd52,9,112,
Cd53,9,112,
Cdk2ap2,9,112,
Chi3l3,9,112,
Clec4a2,9,112,
Clec4e,9,112,
Clec4n,9,112,
Coro1a,9,112,
Cyp4f18,9,112,
Cytip,9,112,
Dok3,9,112,
Emb,9,112,
Evi2b,9,112,
Fam49b,9,112,
Fes,9,112,
Fgr,9,112,
Fpr1,9,112,
Fpr2,9,112,
Fxyd5,9,112,
Fyb,9,112,
G6pdx,9,112,
Glrx,9,112,
Gnai2,9,112,
Gpsm3,9,112,
Gsr,9,112,
H2-D1,9,112,
H2-K1,9,112,
Hck,9,112,
Hcls1,9,112,
Igsf6,9,112,
Il17ra,9,112,
Itgal,9,112,
Itgam,9,112,
Itgb2,9,112,
Lcp1,9,112,
Lcp2,9,112,
Lilrb3,9,112,
Lmo4,9,112,
Lsp1,9,112,
Lst1,9,112,
Lyn,9,112,
Msn,9,112,
Myh9,9,112,
Myo1f,9,112,
Nadk,9,112,
Ncf1,9,112,
Ncf2,9,112,
Ncf4,9,112,
Nfam1,9,112,
Ostf1,9,112,
Pbx2,9,112,
Pgd,9,112,
Pilra,9,112,
Pip4k2a,9,112,
Pkm2,9,112,
Pla2g7,9,112,
Plaur,9,112,
Plbd1,9,112,
Pmaip1,9,112,
Pram1,9,112,
Prdx5,9,112,
Prr13,9,112,
Ptpn6,9,112,
Ptprc,9,112,
Pygl,9,112,
Rab32,9,112,
Rab3d,9,112,
Rac2,9,112,
Rap1b,9,112,
Rhog,9,112,
Rps6ka1,9,112,
S100a11,9,112,
S100a6,9,112,
Samhd1,9,112,
Samsn1,9,112,
Sat1,9,112,
Sepx1,9,112,
Serp1,9,112,
Sfpi1,9,112,
Sh3bgrl3,9,112,
Sla,9,112,
Slc11a1,9,112,
Slc15a3,9,112,
Slfn2,9,112,
Tkt,9,112,
Tlr2,9,112,
Tnfrsf1b,9,112,
Ttll3,9,112,
Txn1,9,112,
Tyrobp,9,112,
Ucp2,9,112,
Unc119,9,112,
Vasp,9,112,
Was,9,112,
1110017D15Rik,3,111,
1500002F19Rik,3,111,
1700001C02Rik,3,111,
1700001L19Rik,3,111,
1700003M02Rik,3,111,
1700009P17Rik,3,111,
1700013F07Rik,3,111,
1700016K19Rik,3,111,
1700026D08Rik,3,111,
1700027A23Rik,3,111,
2010015M23Rik,3,111,
2310040G07Rik,3,111,
2610028H24Rik,3,111,
4430402I18Rik,3,111,
4930444P10Rik,3,111,
4930451C15Rik,3,111,
4930580A09Rik,3,111,
4932425I24Rik,3,111,
4933430H15Rik,3,111,
6430531B16Rik,3,111,
6820408C15Rik,3,111,
AK129341,3,111,
AU021034,3,111,
AU040972,3,111,
Agr3,3,111,
Ak7,3,111,
Akap14,3,111,
Akd1,3,111,
Anxa8,3,111,
BC060267,3,111,
Bbs4,3,111,
Bcas1,3,111,
Btbd8,3,111,
Car7,3,111,
Ccdc11,3,111,
Ccdc146,3,111,
Ccdc151,3,111,
Ccdc153,3,111,
Ccdc17,3,111,
Ccdc39,3,111,
Ccdc40,3,111,
Ccdc67,3,111,
Ccdc78,3,111,
Ccdc89,3,111,
Cdhr3,3,111,
Creb3l4,3,111,
Cyp2s1,3,111,
Dmkn,3,111,
Dnahc12,3,111,
Dnahc2,3,111,
Dnahc3,3,111,
Dnahc5,3,111,
Dnahc6,3,111,
Dnahc9,3,111,
Dnaic2,3,111,
Dnali1,3,111,
Dusp18,3,111,
Dynlrb2,3,111,
Dyx1c1,3,111,
Efcab1,3,111,
Efcab10,3,111,
Elmod1,3,111,
Eno4,3,111,
Fam161a,3,111,
Fam47e,3,111,
Fank1,3,111,
Foxj1,3,111,
Glb1l2,3,111,
Gm10617,3,111,
Gm11992,3,111,
Gm12059,3,111,
Gm13620,3,111,
Gm16201,3,111,
Gm70,3,111,
Gm973,3,111,
Hspa4l,3,111,
Hydin,3,111,
Iqcg,3,111,
Itih1,3,111,
Klhdc7a,3,111,
Klhdc9,3,111,
Lhb,3,111,
Lrrc23,3,111,
Lrrc6,3,111,
Meig1,3,111,
Mlf1,3,111,
Nme5,3,111,
Ntng2,3,111,
Odf3b,3,111,
P2rx6,3,111,
Rgs22,3,111,
Rp1,3,111,
Rsph10b2,3,111,
Saa1,3,111,
Spa17,3,111,
Spag16,3,111,
Spag17,3,111,
Spata18,3,111,
Stk33,3,111,
Syt5,3,111,
Tekt2,3,111,
Tmem231,3,111,
Tppp3,3,111,
Tspan1,3,111,
Ttc18,3,111,
Wdr16,3,111,
Wdr52,3,111,
Wdr96,3,111,
Wnt4,3,111,
Zbbx,3,111,
Zmynd10,3,111,
9030425E11Rik,18,95,
Akap12,18,95,
Bicc1,18,95,
Boc,18,95,
Brd3,18,95,
C1qtnf7,18,95,
Cald1,18,95,
Capn6,18,95,
Cbx5,18,95,
Ccnd2,18,95,
Cdk4,18,95,
Cdkn1c,18,95,
Col14a1,18,95,
Col23a1,18,95,
D0H4S114,18,95,
Dcn,18,95,
Dcx,18,95,
Ednra,18,95,
Emilin1,18,95,
Epha3,18,95,
Epha7,18,95,
Fbn2,18,95,
Flrt2,18,95,
Gas1,18,95,
Gli3,18,95,
Gm8292,18,95,
Gnas,18,95,
Gpc3,18,95,
Gpc6,18,95,
Grb10,18,95,
H19,18,95,
Hic1,18,95,
Hmga2,18,95,
Hmgn1,18,95,
Hnrnph1,18,95,
Hunk,18,95,
Igf2,18,95,
Igf2r,18,95,
Igfbp5,18,95,
Islr,18,95,
Itm2a,18,95,
Lpp,18,95,
Lum,18,95,
Maged1,18,95,
Maged2,18,95,
Mdk,18,95,
Meis1,18,95,
Mex3a,18,95,
Myh10,18,95,
Mylk,18,95,
Nasp,18,95,
Ncam1,18,95,
Nedd4,18,95,
Nexn,18,95,
Nfia,18,95,
Nfib,18,95,
Nfix,18,95,
Nkain4,18,95,
Nnat,18,95,
Nr2f1,18,95,
Nr2f2,18,95,
Nrk,18,95,
Odz4,18,95,
Osr1,18,95,
Pcolce,18,95,
Pgm5,18,95,
Plagl1,18,95,
Prrx1,18,95,
Psip1,18,95,
Ptn,18,95,
Ptprd,18,95,
Ptprs,18,95,
Rbms3,18,95,
S1pr3,18,95,
Sdc2,18,95,
Sema3d,18,95,
Serpinh1,18,95,
Sfrp1,18,95,
Sfrp2,18,95,
Slc25a4,18,95,
Slitrk6,18,95,
Smarcc1,18,95,
Snai2,18,95,
Sox12,18,95,
St8sia2,18,95,
Sulf1,18,95,
Tbx2,18,95,
Tpm1,18,95,
Tril,18,95,
Tsc22d1,18,95,
Tspan3,18,95,
Ttc3,18,95,
Unc5c,18,95,
Vcan,18,95,
Wbp5,18,95,
A430107O13Rik,19,79,
Ablim3,19,79,
Adamts17,19,79,
Adamts2,19,79,
Adarb1,19,79,
Adh1,19,79,
Atp1a2,19,79,
Bgn,19,79,
Cacna1d,19,79,
Cdh11,19,79,
Cdo1,19,79,
Chst2,19,79,
Clec3b,19,79,
Col13a1,19,79,
Col1a1,19,79,
Col1a2,19,79,
Col25a1,19,79,
Col3a1,19,79,
Col5a2,19,79,
Col6a1,19,79,
Col6a2,19,79,
Col6a3,19,79,
Colec12,19,79,
Cp,19,79,
Dpep1,19,79,
Dpt,19,79,
Egflam,19,79,
Enpep,19,79,
Fbn1,19,79,
Fgf10,19,79,
Fhl1,19,79,
Figf,19,79,
Fmo2,19,79,
Fn1,19,79,
Frem1,19,79,
Gfra2,19,79,
Gpm6b,19,79,
Gpx3,19,79,
Gsn,19,79,
Gyg,19,79,
Inmt,19,79,
Itga8,19,79,
Lbh,19,79,
Limch1,19,79,
Lox,19,79,
Loxl1,19,79,
Ltbp4,19,79,
Macf1,19,79,
Meox2,19,79,
Mfap4,19,79,
Mgp,19,79,
Mxra8,19,79,
Nebl,19,79,
Ogn,19,79,
Olfml3,19,79,
Palld,19,79,
Pcolce2,19,79,
Phlda1,19,79,
Plxdc2,19,79,
Ppp1r14a,19,79,
Ppp1r3c,19,79,
Prkg2,19,79,
Rap2a,19,79,
Rbp1,19,79,
Robo2,19,79,
Scarf2,19,79,
Scube2,19,79,
Sept4,19,79,
Serping1,19,79,
Slc38a5,19,79,
Slit2,19,79,
Sned1,19,79,
Specc1l,19,79,
Spon1,19,79,
Tcf21,19,79,
Tns1,19,79,
Tns3,19,79,
Vcam1,19,79,
Vldlr,19,79,
1600029D21Rik,6,67,
4930506M07Rik,6,67,
A930007I19Rik,6,67,
Abcd2,6,67,
Abcg1,6,67,
Abhd12,6,67,
Adipor2,6,67,
Aldoa,6,67,
Anxa2,6,67,
Aprt,6,67,
Atp6v0d2,6,67,
Axl,6,67,
Baz1a,6,67,
Cd164,6,67,
Cd302,6,67,
Cd47,6,67,
Cd68,6,67,
Cd9,6,67,
Cfl1,6,67,
Cstb,6,67,
Cybasc3,6,67,
Dbi,6,67,
Dpep2,6,67,
Ear1,6,67,
Ear2,6,67,
F7,6,67,
Fabp4,6,67,
Fabp5,6,67,
Fam96a,6,67,
Fcgrt,6,67,
Gal,6,67,
Gm5559,6,67,
Gpnmb,6,67,
Gsto1,6,67,
Hexa,6,67,
Idh1,6,67,
Il18,6,67,
Klhdc4,6,67,
Lipa,6,67,
Lmna,6,67,
Lpl,6,67,
Lrp1,6,67,
Ltc4s,6,67,
Mmp19,6,67,
Ms4a8a,6,67,
Mt1,6,67,
Naaa,6,67,
Nceh1,6,67,
Olr1,6,67,
Pik3ap1,6,67,
Pld3,6,67,
Pparg,6,67,
Reep5,6,67,
Renbp,6,67,
Rnh1,6,67,
Runx1,6,67,
S100a10,6,67,
Serpinb1a,6,67,
Sh2d1b1,6,67,
Slamf9,6,67,
Snx10,6,67,
Spp1,6,67,
Tagln2,6,67,
Tcf7l2,6,67,
Tmem14c,6,67,
Trf,6,67,
Vim,6,67,
1700025G04Rik,7,67,
Abcc9,7,67,
Abi3bp,7,67,
Adamts1,7,67,
Adamts15,7,67,
Adamtsl2,7,67,
Agt,7,67,
Aldh2,7,67,
Ccdc3,7,67,
Cd248,7,67,
Cyp1b1,7,67,
Cyp2e1,7,67,
Ddr2,7,67,
Dkk3,7,67,
Echdc2,7,67,
Egfem1,7,67,
Enpp2,7,67,
Fbln1,7,67,
Fgf18,7,67,
Fibin,7,67,
Foxf2,7,67,
Gdf10,7,67,
Gm13889,7,67,
Gpr64,7,67,
Grem2,7,67,
Hhip,7,67,
Hlf,7,67,
Htra1,7,67,
Igf1,7,67,
Igfbp3,7,67,
Iigp1,7,67,
Ism1,7,67,
Kcnj8,7,67,
Kcnk3,7,67,
Kiss1,7,67,
Lama2,7,67,
Lama4,7,67,
Lamb1,7,67,
Lmcd1,7,67,
Lpin1,7,67,
Med13l,7,67,
Mfap2,7,67,
Mmp2,7,67,
Ndrg2,7,67,
Notum,7,67,
Npr3,7,67,
Ntn4,7,67,
Opcml,7,67,
Pcsk5,7,67,
Pdgfra,7,67,
Pdzrn3,7,67,
Penk,7,67,
Pmepa1,7,67,
Prdm6,7,67,
Prelp,7,67,
Rarres2,7,67,
Rhou,7,67,
Scara5,7,67,
Shisa3,7,67,
Socs2,7,67,
Sprn,7,67,
Stc1,7,67,
Tbx4,7,67,
Tbx5,7,67,
Tgfbr3,7,67,
Tnfrsf19,7,67,
Tshz1,7,67,
Eef1b2,33,52,Ribo
Eef2,33,52,Ribo
Gm10076,33,52,Ribo
Gm10222,33,52,Ribo
Gm10925,33,52,Ribo
Gm11410,33,52,Ribo
Gm13048,33,52,Ribo
Gm13339,33,52,Ribo
Gm13340,33,52,Ribo
Gm14456,33,52,Ribo
Gm15430,33,52,Ribo
Gm15710,33,52,Ribo
Gm5244,33,52,Ribo
Gm8730,33,52,Ribo
Gnb2l1,33,52,Ribo
Rpl13a,33,52,Ribo
Rpl14,33,52,Ribo
Rpl22,33,52,Ribo
Rpl23,33,52,Ribo
Rpl26,33,52,Ribo
Rpl32,33,52,Ribo
Rpl34,33,52,Ribo
Rpl37a,33,52,Ribo
Rpl38,33,52,Ribo
Rpl39,33,52,Ribo
Rpl4,33,52,Ribo
Rpl8,33,52,Ribo
Rplp0,33,52,Ribo
Rplp1,33,52,Ribo
Rplp2,33,52,Ribo
Rps10,33,52,Ribo
Rps11,33,52,Ribo
Rps14,33,52,Ribo
Rps15,33,52,Ribo
Rps15a,33,52,Ribo
Rps18,33,52,Ribo
Rps19,33,52,Ribo
Rps2,33,52,Ribo
Rps20,33,52,Ribo
Rps21,33,52,Ribo
Rps24,33,52,Ribo
Rps26,33,52,Ribo
Rps28,33,52,Ribo
Rps3,33,52,Ribo
Rps3a,33,52,Ribo
Rps4x,33,52,Ribo
Rps5,33,52,Ribo
Rps8,33,52,Ribo
Rps9,33,52,Ribo
Rpsa,33,52,Ribo
Rpsa-ps10,33,52,Ribo
mmu-mir-703,33,52,Ribo
Arpc5l,28,46,
B3gnt5,28,46,
BC035044,28,46,
Bank1,28,46,
Bcl11a,28,46,
Blk,28,46,
Blnk,28,46,
Btla,28,46,
Cd19,28,46,
Cd22,28,46,
Cd37,28,46,
Cd72,28,46,
Cd74,28,46,
Cd79a,28,46,
Cd79b,28,46,
Chst3,28,46,
Cmah,28,46,
Cnp,28,46,
Cxcr5,28,46,
Faim3,28,46,
Fcrla,28,46,
Gm19980,28,46,
Gpr171,28,46,
H2-Aa,28,46,
H2-Ab1,28,46,
H2-DMb2,28,46,
H2-Eb1,28,46,
H2-Oa,28,46,
H2-Ob,28,46,
Hvcn1,28,46,
Ighm,28,46,
Igkc,28,46,
Iglc2,28,46,
Iglc3,28,46,
Klhl14,28,46,
Ly6d,28,46,
Lynx1,28,46,
Ms4a1,28,46,
Pax5,28,46,
Pkig,28,46,
Plekha2,28,46,
Pou2af1,28,46,
Ptprcap,28,46,
Siglecg,28,46,
Spib,28,46,
Tnfrsf13c,28,46,
4933436C20Rik,16,41,
5330417C22Rik,16,41,
Acot1,16,41,
Acoxl,16,41,
Aldh1a1,16,41,
Ank3,16,41,
Atp8a1,16,41,
C6,16,41,
Car8,16,41,
Cbr2,16,41,
Ces1d,16,41,
Chia,16,41,
Cpm,16,41,
Cyp2f2,16,41,
Dcxr,16,41,
Elf5,16,41,
Etv5,16,41,
Fgfr2,16,41,
Gclc,16,41,
Gpam,16,41,
Kcnj15,16,41,
Lpin2,16,41,
Met,16,41,
Mettl7a1,16,41,
Mgst1,16,41,
Nupr1,16,41,
Pon1,16,41,
Rbpjl,16,41,
Rnase4,16,41,
Scgb1a1,16,41,
Scgb3a2,16,41,
Sdc4,16,41,
Secisbp2l,16,41,
Sftpb,16,41,
Slc12a2,16,41,
Slco4c1,16,41,
Sox2,16,41,
Spink5,16,41,
St6galnac2,16,41,
Tcfcp2l1,16,41,
Wfdc2,16,41,
Akr1a4,26,41,
Atp5a1,26,41,
Atp5b,26,41,
Bzw2,26,41,
Calm1,26,41,
Calr,26,41,
Coro2a,26,41,
Dek,26,41,
Dnmt1,26,41,
Eif5a,26,41,
H2afy,26,41,
Hnrnpa2b1,26,41,
Hnrnpab,26,41,
Hnrnpu,26,41,
Hsp90aa1,26,41,
Hsp90ab1,26,41,
Hsp90b1,26,41,
Hspa5,26,41,
Hspa8,26,41,
Ldha,26,41,
Mcm3,26,41,
Mcm4,26,41,
Mcm6,26,41,
Ncl,26,41,
Nop58,26,41,
Npm1,26,41,
Nucks1,26,41,
Pabpc1,26,41,
Pold1,26,41,
Ranbp1,26,41,
Rfc1,26,41,
Rrm2,26,41,
Serbp1,26,41,
Slc25a5,26,41,
Smc2,26,41,
Smc3,26,41,
Tcf19,26,41,
Tuba1b,26,41,
Tubb5,26,41,
Ybx1,26,41,
Ywhae,26,41,
AC151602.1,20,36,
Actb,20,36,
Apoe,20,36,
Arpc1b,20,36,
Arpc2,20,36,
Ccl6,20,36,
Ccr2,20,36,
Cd44,20,36,
Cebpb,20,36,
Clec7a,20,36,
Cotl1,20,36,
Csf1r,20,36,
Csf2rb,20,36,
Ctsb,20,36,
Ctsc,20,36,
Ctsd,20,36,
Ctss,20,36,
Cyba,20,36,
Cybb,20,36,
Fcer1g,20,36,
Fcgr3,20,36,
Fth1,20,36,
Gpx1,20,36,
Grn,20,36,
Ifi30,20,36,
Lamp1,20,36,
Laptm5,20,36,
Lgals3,20,36,
Lyz2,20,36,
Mpeg1,20,36,
Ms4a6c,20,36,
Plin2,20,36,
Psap,20,36,
Sirpa,20,36,
Taldo1,20,36,
Tmsb4x,20,36,
5830411N06Rik,17,33,
Bcl11b,17,33,
Cd247,17,33,
Cd27,17,33,
Cd28,17,33,
Cd3d,17,33,
Cd3e,17,33,
Cd3g,17,33,
Cd8a,17,33,
Cd8b1,17,33,
Cd96,17,33,
Dgka,17,33,
Eef1a1,17,33,
Folr4,17,33,
Il2rg,17,33,
Il7r,17,33,
Itk,17,33,
Kbtbd11,17,33,
Lat,17,33,
Lck,17,33,
Lef1,17,33,
Ms4a4b,17,33,
Nsg2,17,33,
P2ry10,17,33,
Satb1,17,33,
Sh2d2a,17,33,
Sidt1,17,33,
Skap1,17,33,
Tcf7,17,33,
Thy1,17,33,
Tmsb10,17,33,
Trbc1,17,33,
Trbc2,17,33,
4930420K17Rik,15,30,
Abca3,15,30,
Bex2,15,30,
Bex4,15,30,
Chi3l1,15,30,
Cxcl15,15,30,
Dlk1,15,30,
Dram1,15,30,
Egfl6,15,30,
Fasn,15,30,
Hc,15,30,
Il33,15,30,
Lamp3,15,30,
Lgi3,15,30,
Lpcat1,15,30,
Lyz1,15,30,
Muc1,15,30,
Napsa,15,30,
Npc2,15,30,
Pi4k2b,15,30,
Ppp1r14c,15,30,
Retnla,15,30,
S100g,15,30,
Scd1,15,30,
Sfta2,15,30,
Sftpa1,15,30,
Sftpc,15,30,
Sftpd,15,30,
Slc34a2,15,30,
Tgoln1,15,30,
Acta2,23,30,
Actg2,23,30,
Adamts8,23,30,
Angptl2,23,30,
Antxr1,23,30,
Aspn,23,30,
Cnn1,23,30,
Col5a1,23,30,
Filip1l,23,30,
Fndc1,23,30,
Fstl1,23,30,
Gpr126,23,30,
Hmcn1,23,30,
Lhfp,23,30,
Loxl2,23,30,
Ltbp2,23,30,
Myh11,23,30,
Myl9,23,30,
Olfml2b,23,30,
P2ry14,23,30,
P4ha3,23,30,
Pdlim3,23,30,
Serpine2,23,30,
Spon2,23,30,
Tagln,23,30,
Tgfbi,23,30,
Tmtc1,23,30,
Tnc,23,30,
Tpm2,23,30,
Wnt5a,23,30,
2610318N02Rik,12,27,
3110082D06Rik,12,27,
Ascl1,12,27,
Cacna1b,12,27,
Cadps,12,27,
Calca,12,27,
Col8a1,12,27,
Elavl3,12,27,
Elavl4,12,27,
Gap43,12,27,
Gm9873,12,27,
Gpr22,12,27,
Isl1,12,27,
Jph3,12,27,
Ly6g6c,12,27,
Nefl,12,27,
Nefm,12,27,
Nov,12,27,
Pcsk1n,12,27,
Phox2a,12,27,
Phox2b,12,27,
Ptprn,12,27,
SNORA11,12,27,
Scg2,12,27,
Slc10a4,12,27,
Sox21,12,27,
Spock3,12,27,
2810417H13Rik,13,27,CC
Arl6ip1,13,27,CC
Aspm,13,27,CC
Casc5,13,27,CC
Ccna2,13,27,CC
Cenpa,13,27,CC
Cenpe,13,27,CC
Cenpf,13,27,CC
Ckap2l,13,27,CC
H2afx,13,27,CC
Hist1h1b,13,27,CC
Hist1h1e,13,27,CC
Hist1h2ao,13,27,CC
Hist1h4d,13,27,CC
Hmgb2,13,27,CC
Kif11,13,27,CC
Kif20b,13,27,CC
Kif23,13,27,CC
Kif4,13,27,CC
Mki67,13,27,CC
Ndc80,13,27,CC
Nusap1,13,27,CC
Prc1,13,27,CC
Smc4,13,27,CC
Top2a,13,27,CC
Tpx2,13,27,CC
Ube2c,13,27,CC
C1qa,30,27,
C1qb,30,27,
C1qc,30,27,
C3ar1,30,27,
Ccl12,30,27,
Ccl2,30,27,
Ccl7,30,27,
Cltc,30,27,
Ctsj,30,27,
Cx3cr1,30,27,
Dab2,30,27,
Fcrls,30,27,
Gas6,30,27,
Hpgds,30,27,
Hspa1a,30,27,
Hspa1b,30,27,
Itm2c,30,27,
Lgmn,30,27,
Maf,30,27,
Mef2c,30,27,
Mrc1,30,27,
Ms4a7,30,27,
Myo5a,30,27,
Pf4,30,27,
Snx2,30,27,
Snx6,30,27,
Stab1,30,27,
1100001G20Rik,2,25,
2010005H15Rik,2,25,
Adpgk,2,25,
BC100530,2,25,
Camp,2,25,
Cd177,2,25,
Csta,2,25,
Gm1975,2,25,
Gm5483,2,25,
Ifitm6,2,25,
Itgb2l,2,25,
Lcn2,2,25,
Ltf,2,25,
Mmp8,2,25,
Mmp9,2,25,
Ngp,2,25,
Olfm4,2,25,
Pglyrp1,2,25,
Retnlg,2,25,
S100a8,2,25,
S100a9,2,25,
Stfa1,2,25,
Stfa2,2,25,
Stfa2l1,2,25,
Stfa3,2,25,
2010001M09Rik,10,25,
Arl5c,10,25,
Bach2,10,25,
Bcl7a,10,25,
Cecr2,10,25,
Chchd10,10,25,
Cplx2,10,25,
D17H6S56E-5,10,25,
Ebf1,10,25,
Fam129c,10,25,
Igll1,10,25,
Myb,10,25,
Pafah1b3,10,25,
Prg3,10,25,
Rag1,10,25,
Rhoh,10,25,
Serinc5,10,25,
Slamf6,10,25,
Smarca4,10,25,
Tcf3,10,25,
Tifa,10,25,
Vpreb1,10,25,
Vpreb2,10,25,
Vpreb3,10,25,
Xrcc6,10,25,
1190002N15Rik,5,19,
Agtr1a,5,19,
Art3,5,19,
Clstn2,5,19,
Cox4i2,5,19,
Cpa1,5,19,
Emid1,5,19,
Gucy1a3,5,19,
Gucy1b3,5,19,
Higd1b,5,19,
Mfge8,5,19,
Pcdh18,5,19,
Pde5a,5,19,
Pdgfrb,5,19,
Pdzd2,5,19,
Postn,5,19,
Rtn4rl1,5,19,
Trpc6,5,19,
Tusc5,5,19,
Actc1,24,19,
Ankrd1,24,19,
Ckm,24,19,
Cox7a1,24,19,
Csrp3,24,19,
Fabp3,24,19,
Fabp3-ps1,24,19,
Myh6,24,19,
Myl1,24,19,
Myl3,24,19,
Myl4,24,19,
Myl7,24,19,
Myoz2,24,19,
Pgam2,24,19,
Sln,24,19,
Tnni1,24,19,
Tnni3,24,19,
Tnnt2,24,19,
Ttn,24,19,
2810453I06Rik,14,18,
Alas2,14,18,
Bpgm,14,18,
Cdr2,14,18,
Epb4.1,14,18,
Fam46c,14,18,
Fech,14,18,
Gypa,14,18,
Hba-a1,14,18,
Hba-a2,14,18,
Hba-x,14,18,
Hbb-b1,14,18,
Hbb-b2,14,18,
Mkrn1,14,18,
Slc25a37,14,18,
Slc4a1,14,18,
Trim10,14,18,
Ube2l6,14,18,
Aspa,29,16,
Col20a1,29,16,
Egfl8,29,16,
Fabp7,29,16,
Gpr17,29,16,
Itgb8,29,16,
Kcna1,29,16,
Kcnk13,29,16,
Lgi1,29,16,
Mpz,29,16,
Pak3,29,16,
Pcdh20,29,16,
Plp1,29,16,
Sostdc1,29,16,
Sox10,29,16,
Ttyh1,29,16,
AW112010,22,15,
Ccl5,22,15,
Fasl,22,15,
Gzma,22,15,
Gzmb,22,15,
Il2rb,22,15,
Klra5,22,15,
Klrb1b,22,15,
Klrb1c,22,15,
Klrc1,22,15,
Klrd1,22,15,
Klre1,22,15,
Klri2,22,15,
Klrk1,22,15,
Nkg7,22,15,
Ccl3,31,13,
Ccl4,31,13,
Ccl9,31,13,
Cd200r3,31,13,
Cyp11a1,31,13,
Gata2,31,13,
Grm6,31,13,
Il13,31,13,
Il4,31,13,
Il6,31,13,
Mcpt8,31,13,
Ms4a2,31,13,
Prss34,31,13,
AU023871,21,11,
Alox12,21,11,
Clec1b,21,11,
Gp1bb,21,11,
Gp9,21,11,
Itga2b,21,11,
Itgb3,21,11,
Ly6g6f,21,11,
Nrgn,21,11,
Ppbp,21,11,
Treml1,21,11,
Apold1,27,10,
Ccl21a,27,10,
Ccl21c,27,10,
Flt4,27,10,
Gjc2,27,10,
Hoxd8,27,10,
Nrp2,27,10,
Ptx3,27,10,
Reln,27,10,
Scn5a,27,10,
Cma1,32,9,
Cpa3,32,9,
Il1rl1,32,9,
Mcpt4,32,9,
Mrgprb1,32,9,
Mrgprb2,32,9,
Tph1,32,9,
Tpsab1,32,9,
Tpsb2,32,9,
Afp,25,7,
Ahsg,25,7,
Alb,25,7,
Ambp,25,7,
Apoa2,25,7,
Fgb,25,7,
Serpina1b,25,7,